code_muni,casos,mortes
2702702,4,0
2706505,27,1
2909703,1,0
2301901,87,2
2311355,81,0
2313807,102,2
5204854,6,0
2107506,12,4
3154804,16,0
2501575,6,0
2506301,417,4
2603801,4,1
2604106,448,12
4113809,0,0
2409902,27,0
4311007,1,0
4315107,8,0
3518206,14,0
3528858,0,0
3528908,0,0
3546702,11,1
3549300,0,0
3552700,8,0
3555109,-2,0
1721307,0,0
3144904,1,0
4315909,1,0
1200393,45,0
2916401,9,2
2922250,7,0
2924652,14,0
2925907,9,0
2300150,149,1
5211404,0,0
3131802,0,0
5001102,0,0
2505600,0,0
2511905,94,0
2612208,9,0
2615508,3,1
2203859,2,0
2209708,0,0
2407401,2,0
1101559,0,0
4302402,3,0
4308854,3,0
4318408,6,0
3505906,10,0
3529302,5,0
1304237,34,0
2308351,35,1
3203130,28,1
3203809,23,1
5204607,0,0
3107802,-1,0
3113602,0,0
3126703,3,0
3131208,2,0
3136009,3,0
3137601,6,0
3147006,15,0
3167103,1,0
5107107,1,0
1501006,40,1
1506005,36,0
2616209,21,0
4107009,1,0
4109807,1,0
4111803,13,0
3300605,12,0
3300936,24,0
3304144,183,7
4305173,0,0
4313102,0,0
4319125,1,0
4210902,5,0
3518800,832,100
3544806,0,0
3551504,22,0
5214879,2,0
2707909,18,0
2313708,38,0
5213103,74,1
5218706,0,0
2100154,46,2
3104205,0,0
3154101,0,0
3166907,0,0
5107578,0,0
1504208,632,9
1506559,10,3
2511806,20,0
2604304,15,1
2201739,0,0
4108601,2,0
4310363,0,0
4315313,0,0
4205100,2,0
2803807,4,0
3527207,12,0
3533403,23,1
3533254,2,0
3553401,28,2
4113429,1,0
3123007,1,0
2707107,5,0
2304400,2584,261
2304905,60,0
2310506,24,1
3109907,0,0
3126208,5,-1
3134004,6,0
5103601,7,0
1501600,10,1
2512606,6,0
2205516,-1,0
4114807,4,0
4125704,27,0
2407807,18,0
1100908,4,0
4316436,0,0
4316733,4,0
4212205,1,0
4217253,1,0
2800506,22,2
2807600,37,0
3523602,2,0
3528106,0,0
3530409,1,0
3539202,0,0
3541653,0,0
3547809,791,36
3554755,0,0
1709500,25,0
1709807,0,0
1718659,0,0
5215405,2,0
2704401,33,1
2911303,0,0
2923902,4,0
2924207,1,0
2311231,6,0
5209150,1,0
2103752,45,2
2112506,69,0
3113305,13,2
3119104,11,0
3130507,0,0
3140704,3,0
3152907,11,0
3165701,0,1
3170057,7,0
2605400,62,1
2605608,4,0
2609402,19,1
2611705,13,0
4109906,0,0
4118105,0,0
4127007,2,0
2401206,18,0
4311122,-1,0
4317558,9,0
4320909,30,0
4322905,0,0
4203303,0,0
2805901,3,0
2807006,1,0
3502200,8,0
3512704,1,0
3522802,-1,0
1714880,24,2
4100707,4,0
1301001,75,2
2922052,1,0
2932507,0,0
5210000,83,0
3104908,0,0
3106002,0,0
3107901,3,0
3138708,1,0
5107925,179,2
1505635,11,0
2504108,0,0
2512762,4,0
2209872,-1,0
4108403,28,1
4114708,1,0
4301305,2,0
4309308,17,1
2807303,0,0
1703701,0,0
1707108,0,0
5221551,3,0
2926657,0,0
2927705,7,0
2312403,285,4
3204807,30,0
2105153,-3,0
3102001,0,0
3121209,0,0
3142809,21,0
5104609,3,0
5106703,0,0
1505809,85,2
2501708,2,0
2515930,5,0
2513901,100,1
2200905,0,1
1101401,9,1
4310330,7,0
4319901,17,1
4204459,0,0
4218202,10,0
2804102,36,0
3501707,21,0
5107776,1,0
1600535,188,1
2910727,166,3
2308500,111,9
5210307,0,0
5216403,4,0
5220405,31,0
3158607,7,0
2514107,2,0
2608255,3,1
2206001,0,0
4312500,0,0
2800308,3511,53
2804508,69,0
2805505,23,1
3506508,63,2
3509601,50,9
3516507,1,0
3539400,9,0
3548104,4,1
3555356,6,0
2708501,115,2
2903276,2,0
2911709,6,0
3202207,40,0
5205703,0,0
5219738,17,0
2100600,46,5
3149002,0,0
3154309,9,1
3156908,1,0
5103056,6,0
1500909,163,1
4104402,-2,0
4119608,9,0
3301702,460,33
2401701,8,0
4314076,0,0
4213609,4,0
3502754,12,0
3516853,1,0
3527009,1,0
3535002,2,0
3551405,3,0
1718907,0,0
3129707,5,0
4214508,2,0
3530904,1,0
3115706,1,0
2901908,8,0
2304251,89,2
2106805,21,0
3116704,2,0
3125903,0,0
5005681,15,0
5106232,6,0
2503407,2,0
2505709,1,0
2506806,66,2
2612307,4,0
2612554,1,0
4104428,2,0
4109708,10,0
3303955,13,0
3306305,253,7
2406403,11,0
1100072,1,0
1101500,16,0
4312443,0,0
4208955,0,0
3517802,-1,0
3538303,0,0
3549706,6,0
3556206,100,2
1708205,30,0
4308433,1,0
2405900,1,0
2906808,5,1
2921609,1,0
5211701,1,0
5215900,0,0
2111763,23,2
2112852,16,0
3113404,51,0
3114006,2,0
3143807,0,1
1503754,106,1
2613800,20,1
4103404,0,0
4104600,7,0
4115101,3,0
4116208,3,0
3305901,12,0
2413904,4,0
4301008,31,0
4301636,4,0
4306130,0,0
4319505,11,0
4208450,17,1
3550407,25,0
3501301,5,0
2513943,2,0
1302504,218,1
1600600,733,4
2918357,4,1
2306553,164,4
2311900,10,1
5206404,0,0
2106508,44,0
2110104,41,2
3123205,1,0
3144706,2,0
3157203,6,0
3167707,0,0
1508209,6,1
2609907,8,0
2610301,0,0
2613602,13,0
4108304,50,1
4114401,0,0
4120333,0,0
2404309,8,0
2405108,15,0
4217006,33,0
4218400,0,0
3507209,0,0
3513207,4,0
3523107,152,14
3536802,-1,0
2910107,0,0
5219704,0,0
2102358,-1,0
3103405,3,0
3137700,9,0
3162708,7,0
2502102,1,0
2504702,5,0
2510105,3,0
2607802,17,1
2210656,0,0
4100806,1,0
4104006,18,0
4123204,0,0
2401008,204,0
2408409,3,0
4212650,12,0
4217600,2,0
3506805,26,0
3522109,31,8
3527306,36,2
3532702,0,0
5106208,1,0
2919702,0,0
2308708,78,3
2312809,54,0
3124203,15,0
3132701,3,0
3143302,45,0
3168606,205,1
5007406,3,0
5106752,81,4
1504000,137,1
1506807,372,20
2501203,3,0
2401651,0,0
2405702,4,0
2406155,2,0
4203204,62,0
3522406,5,0
2702900,161,0
2930402,3,0
3106408,0,0
3120607,12,0
3161700,4,0
2510808,157,5
2614402,2,0
2405306,8,0
2410207,3,0
1101104,34,0
4306007,2,0
4309209,97,3
4200804,1,0
4217956,1,0
3500105,1,0
3504305,0,0
3539905,0,0
3548807,259,9
3554102,34,1
1600709,105,0
2920106,3,0
2925600,3,0
2928604,35,2
2304004,77,2
2311405,106,4
3201704,16,1
3202702,1,0
2109403,0,0
3139102,1,0
3155801,1,0
5103205,37,0
1503804,122,0
2611804,10,2
2614105,24,0
2200251,3,0
4105508,57,0
4107652,32,2
4111209,0,0
4113502,0,0
4115903,0,0
4126801,7,0
3305802,77,3
2401602,1,2
4205308,8,0
3532009,5,0
1717206,-1,0
1720002,1,0
2207355,1,0
2703007,11,1
2700102,11,0
2919108,0,0
2923803,7,0
2302107,142,1
2302503,42,1
3202256,5,0
5214507,1,0
5106109,58,2
5107941,5,0
1502772,120,0
2502409,1,0
2502904,1,0
2600906,10,3
2206670,9,0
2207603,2,0
3300803,83,0
2410009,3,0
4306932,2,0
4307609,12,0
4309555,3,0
4309951,0,0
4314803,10,0
4318440,0,0
3519501,5,0
2704104,49,0
2902807,0,0
2903409,19,0
2915502,20,1
2309458,46,2
3202900,1,0
5200902,0,0
5207535,0,0
5217104,5,0
5222005,6,0
2105302,515,34
3110103,2,0
3146909,0,0
2506905,81,1
2609204,22,2
2614501,66,0
3301900,359,10
2410702,1,0
4313409,153,3
4217501,52,0
3515202,49,3
3528502,28,2
3536505,169,2
1300607,93,2
1600501,303,1
2901809,4,0
2910750,0,0
5210901,16,0
2102077,45,0
2110906,5,0
3115508,2,0
3133600,4,0
3144359,1,1
3150901,2,0
3155405,0,0
3157807,45,2
5007935,13,0
1501709,316,3
2515807,18,0
3301306,43,2
2403004,2,0
4204103,0,0
4209300,7,0
4218707,51,0
3506706,1,0
3519006,4,0
3549953,16,1
1700251,1,0
1720655,0,0
2206696,4,1
1304203,155,10
2908903,8,0
2301307,22,0
2301604,52,0
5211206,0,0
5212204,3,2
2103307,175,2
3117207,0,0
3151008,1,0
5002803,10,0
5107040,139,6
2603454,81,1
2607208,54,7
4124053,20,0
3301207,25,0
2414159,3,0
1100056,9,0
4312625,0,0
4314456,1,0
4318606,0,0
4214201,2,0
4215059,0,0
3509254,21,2
3549003,0,0
1713601,0,0
1718402,0,0
3536901,2,0
2908200,15,1
2915205,12,1
2314003,39,0
5210604,1,0
2100303,-2,0
3150505,1,0
3152006,1,0
3155702,13,0
1502707,42,0
2601052,2,1
2616308,14,0
2203909,37,1
2210359,0,0
4114906,0,0
4122909,9,0
3521705,0,0
1702901,0,0
2609154,1,0
2918407,101,3
2920205,0,0
2300705,16,1
5205513,5,1
3128105,0,0
3131307,331,13
3131703,54,0
3135407,0,0
3169901,19,2
5103007,20,2
1507409,9,0
2502201,1,0
2510907,16,0
2513802,6,0
2204501,1,0
4120150,1,0
4121208,6,0
4318507,2,0
4206504,20,0
4206900,3,0
4207403,0,0
4212908,1,0
4213005,0,0
3503158,0,0
3537800,22,0
1705557,0,0
5216007,1,0
3125002,4,0
1303536,142,1
2917334,-1,0
2929800,0,0
5103304,10,0
2515203,0,0
4109203,1,0
4110706,7,0
4115309,6,1
4122156,4,0
4127403,4,0
3301603,1,0
2411700,1,0
4304804,32,0
4305405,11,0
4205191,0,0
4212304,0,0
4212403,0,0
4218004,32,0
3527603,4,0
3541802,6,0
1703867,0,0
2903805,1,0
2932002,0,0
2306504,28,1
2102754,27,0
3104502,0,0
3105509,5,0
3168002,7,0
3101003,1,0
1506708,20,0
1507805,59,1
2515500,11,0
2516300,3,0
4104055,5,0
4104253,2,0
3301876,35,1
3304805,16,0
2410900,11,1
4311106,5,1
4312138,0,0
4317400,25,0
3507456,1,0
3533304,0,0
1705607,0,0
2701803,3,0
2705309,4,0
1300706,39,1
2927002,8,0
2303956,53,1
3203163,15,0
3203403,26,1
3204658,18,0
5218904,13,1
2106631,100,0
3101631,0,0
3130606,0,0
3141306,0,0
5002308,1,0
2509057,2,0
2201556,0,0
2207306,0,0
2211100,43,4
4100301,0,0
4116109,2,0
4119509,54,1
4121505,0,0
4124202,2,0
3303856,6,0
2411601,6,0
4301701,22,0
4211058,14,0
2806404,5,0
3557204,0,0
3528403,8,4
3533908,25,0
3536406,-1,0
3500402,0,0
1200336,19,1
2703304,0,0
2907202,21,2
2908101,0,0
2915353,0,0
2925931,2,0
2311504,37,0
5204706,-1,0
5216304,1,0
2110039,1,1
3120102,0,0
3130705,0,0
3170206,530,17
3171204,2,0
1506583,35,2
2513109,31,0
2605806,18,0
2613909,118,1
2210607,93,1
4109104,2,0
4112959,0,0
4116604,0,0
4126504,9,0
3305109,199,26
4308300,1,0
4318465,5,0
4209003,6,0
4212056,0,0
3530300,19,0
3540200,37,2
5219902,4,0
1301308,11,1
2907509,46,0
2914000,27,0
2920304,0,0
2928505,6,0
2931103,5,1
2301208,72,6
5214804,0,0
2103109,35,0
2112233,63,0
3103801,5,0
3114204,15,1
3114303,6,0
3115003,0,0
3124005,1,0
3132107,1,0
3147600,0,0
3149200,1,0
2202653,7,0
2210300,1,0
4123824,1,0
4127304,0,0
2400307,9,1
4310207,49,0
4312401,24,0
4202404,148,0
4202503,0,0
2806503,3,0
3503406,1,0
3511409,5,0
3517901,0,0
3521804,0,0
3541059,0,0
1303304,77,0
1303502,107,1
1303809,146,13
5212055,0,0
2103406,217,1
2102606,1,1
2104206,24,0
2110278,6,0
3127388,0,0
5006903,0,0
5106265,7,0
2201507,9,1
4121703,7,0
4127502,1,0
2403400,1,0
4302659,-1,0
4316758,2,0
4321469,0,0
4207502,34,0
3518909,0,0
3535804,4,0
1703073,3,0
2923035,0,0
3105202,1,0
2700607,21,1
2912103,33,1
3202553,5,0
5207808,1,0
2101350,5,0
2108256,1,1
5002209,16,0
1501758,6,0
2511202,194,5
2201309,0,0
4107504,1,0
4115705,2,0
2412559,8,0
4309407,27,0
4323358,2,0
4201604,6,0
4213708,1,0
3505005,4,0
3514403,2,1
3520707,2,0
3501202,2,0
1707009,5,1
5105176,1,0
4206603,1,0
2705002,5,0
1301159,7,0
2900355,4,0
2931202,1,0
2306702,11,0
2310308,5,3
3201803,17,0
5203500,18,0
2109304,0,0
3101607,1,0
3138203,32,4
3171303,10,0
1502509,79,0
2607000,1,0
4122404,23,3
4123303,0,0
3304003,13,0
3304706,63,0
4204202,123,3
4210852,0,0
1718204,66,2
1718881,0,0
2702603,16,0
1300805,36,0
2902906,4,0
2904506,0,0
2302008,11,3
3138401,92,0
3143104,0,0
5103353,79,2
2610103,1,1
4103479,1,0
3304128,5,0
2409100,11,1
4300901,0,0
4309654,2,1
2804904,20,0
2807105,16,1
3507001,49,1
3514502,6,0
3521408,48,1
1716505,0,0
3138625,1,0
1301407,100,0
2921401,0,0
5203559,0,0
2111607,21,0
3110707,0,0
3166808,1,0
2500734,0,0
4101200,2,0
4112702,2,0
4119954,12,1
4126603,5,0
4127205,4,0
3300233,44,1
2400109,1,0
4316303,2,0
4201273,1,0
3503307,69,1
3515707,121,6
1718303,16,0
3115201,1,0
2912806,12,0
2919801,0,0
2304657,26,1
2311108,6,0
2111250,1,0
3131109,3,0
3132206,0,0
3137106,9,0
3138906,0,0
3157104,1,0
5104559,3,0
2506103,10,2
2515104,23,0
2516706,12,0
4115804,53,0
2414100,6,0
4310652,1,0
4320107,12,0
4208906,52,0
4211504,6,0
3519600,35,3
3537503,3,1
3129657,1,0
2922607,2,0
5220454,111,1
2101939,6,0
2104677,0,0
2110237,5,0
3117702,1,0
3126109,8,0
3128709,16,0
3135209,3,0
3150158,1,0
3170750,1,1
1502103,686,5
4112900,8,0
4113601,0,0
4115002,0,0
4119707,5,0
4128104,9,1
3300902,3,0
2402006,64,0
4206801,0,0
4208401,1,0
2802007,11,0
2802205,1,1
3507902,4,0
3504800,3,0
1700707,0,0
1703826,0,0
1707306,0,0
3134707,3,0
3171600,1,0
2903201,40,2
2933604,0,0
3204500,23,2
3200136,17,0
2100204,5,1
2103125,4,0
2106607,25,1
2111722,11,1
3122009,14,0
3145356,0,0
5004502,20,1
1505007,30,0
3305604,14,0
3305703,6,0
4304507,6,1
4318309,39,1
3520301,18,1
3522208,171,15
1706100,0,0
1707652,1,0
1722107,81,1
4310504,3,0
2704609,3,0
2919405,1,0
2919553,39,0
2314102,133,2
5202809,0,0
5204508,11,1
2105104,-1,0
2109205,0,0
2110005,684,0
3103603,0,0
3165602,0,0
5101902,3,0
1506187,45,1
1506195,175,0
1507003,6,2
2508604,44,0
2209856,0,0
4100103,9,0
3302056,24,0
4308102,2,0
4322251,1,0
4206306,7,1
2805604,33,0
5218052,3,0
1200179,17,1
2704807,78,0
2913903,122,1
2916856,10,1
2930808,0,0
2106326,42,0
2109452,-3,1
3118007,7,0
1500503,22,2
2602506,8,0
2608750,1,0
2207934,1,0
4107124,6,0
2408805,6,0
2412203,87,1
4310603,2,0
3511102,74,4
3550308,17566,772
5214838,1,0
1300508,60,1
1303601,34,1
2914802,325,13
2932705,54,1
3200706,20,1
5205208,1,0
5214101,0,0
3102506,0,0
3109709,2,0
5107602,354,13
2506509,1,0
2605509,15,0
2206209,49,1
4128708,3,0
1101708,2,0
4300208,0,0
4308508,15,1
4311205,0,0
4323309,3,0
4215653,2,0
4219200,0,0
2803401,6,0
3516705,4,0
3527256,0,0
1702000,7,0
1711506,0,0
5007505,3,0
1301852,60,1
2918555,0,0
2925006,2,0
2929206,42,1
2932200,10,1
5204409,0,0
5206503,0,0
5208152,1,0
5213509,0,0
5218508,50,1
2103802,2,0
3102100,7,0
3165578,0,0
5002605,0,0
5100201,22,1
2516151,1,0
2516805,0,0
2606606,8,0
2200103,3,0
2201200,91,4
4100459,0,0
2414506,2,0
4309159,0,0
4311155,0,0
4315701,2,0
4209607,0,0
4216206,12,0
2804706,3,2
3528205,1,0
1715507,3,0
2703502,7,0
2902302,0,0
2930154,1,0
2109502,6,0
2110302,49,0
3146107,26,1
5108501,9,0
1508084,166,0
2507101,67,1
2604155,5,0
2611533,2,0
2201919,3,0
2409407,1,0
4317905,-1,0
3515905,4,0
3535903,0,0
3536570,0,0
3556354,6,1
3135902,1,1
5106000,1,0
3531605,1,0
2700300,853,2
2706448,13,0
2926608,16,0
2929008,4,0
2300408,0,0
2304277,16,0
2305357,41,0
2311959,10,0
3203056,29,1
5203401,2,0
5222054,0,0
3117836,0,0
3145208,8,0
3147303,12,0
3153400,0,0
1504422,43,4
1504505,7,0
2503506,5,0
4105805,66,3
4117206,0,0
4124509,5,0
4303103,67,1
4312708,16,0
4316006,6,0
4202800,12,0
2803104,0,0
3526100,10,0
3533601,-1,1
3533700,0,0
3540408,1,1
1716703,0,0
2921500,8,0
2924306,1,0
2309102,15,0
2107258,0,0
2108108,93,1
3126802,2,0
3128303,2,1
3139003,7,0
1503457,50,0
2205102,0,0
2205540,4,0
3301108,11,0
1100288,54,0
1101492,4,0
4310850,0,0
4207304,61,0
4218350,3,0
3515186,10,0
3523404,26,1
3545159,7,0
3551702,94,2
4210308,0,0
2904902,9,0
2906006,27,0
2915007,1,0
2923357,0,0
2923704,0,0
2924058,0,0
2303931,21,0
3200409,32,0
5205059,1,0
2102556,18,0
2108603,6,5
3117876,1,0
3124906,2,0
3142403,2,1
3150802,8,1
3159308,2,0
3160900,1,0
3161403,0,0
2202455,2,0
4125555,4,0
3300258,13,0
4323200,0,0
4201307,12,1
4214003,0,0
3511300,4,0
3162401,1,0
2703403,2,0
2924678,6,0
2929404,0,0
2311009,5,0
3103751,4,1
3132602,0,0
5002001,3,0
1505908,96,1
2501401,42,0
2511301,9,0
2203750,0,0
4102505,1,0
4115408,20,0
4118303,2,0
4126272,0,0
4302006,0,0
4308607,46,0
4313466,0,0
2804300,5,0
3509809,1,0
3527405,1,0
3537305,6,0
3525854,1,0
4112603,1,0
2901502,0,0
3107109,4,1
3163706,22,0
3170404,13,0
2511707,24,0
2603108,16,0
2612471,0,0
2614600,35,2
2203230,0,0
2205953,19,0
4104659,24,1
4111407,1,0
2403707,9,1
2404002,0,0
1100049,65,0
4301800,1,0
4306205,5,0
4217204,17,0
3536703,23,1
3549201,8,0
1712801,1,0
1720978,0,0
4311254,0,0
2921302,14,1
2930709,98,6
2103901,34,1
2109700,3,0
3107703,0,0
3110509,0,0
1506609,13,0
1500347,21,0
2501351,1,0
2505402,12,0
2505907,1,0
2207702,542,12
2210102,1,0
4102307,9,0
4117602,8,0
1400282,33,0
4300307,0,0
4302808,64,0
4317301,6,0
4322541,0,0
4202073,1,0
4214607,0,0
3502408,0,0
3512407,49,0
3522901,12,0
3529906,32,1
3553609,2,0
1711803,0,0
3136579,1,0
2705101,92,1
3202603,34,0
5202155,-1,0
5219258,1,0
3100104,1,0
3121803,3,0
3139409,43,0
3165537,22,2
5106372,41,0
2505808,2,0
4318804,2,0
4208807,10,0
4218806,0,0
4219853,0,0
3505302,18,1
3507308,0,0
3520202,15,0
3533502,1,0
3535606,2,0
3536109,7,0
3543402,730,37
4100509,2,0
4211850,5,0
2705804,2,0
1302405,143,1
2919959,0,0
2930907,3,0
2301703,8,2
2310605,3,0
3205010,40,1
2112803,2,0
3153509,2,0
3114600,0,0
3120839,5,0
3136405,0,0
3138104,0,0
3139508,3,0
2509156,1,0
2201903,59,0
2205581,9,0
4115200,344,0
3304755,33,2
2401859,4,0
4303558,7,0
2801405,13,0
3517604,4,0
3536604,1,0
3546603,4,0
3555703,2,0
1702109,434,18
1712454,4,0
1713304,0,0
2708600,193,3
2914307,0,0
2301851,25,0
3201308,859,43
5211503,57,0
3102605,1,0
3112604,11,0
3119401,154,0
3127008,0,0
3138674,1,0
5007695,45,0
2504850,1,0
2602704,4,0
4109005,9,0
4126355,12,0
4312153,-1,0
4314704,10,1
4319802,0,0
2806602,28,0
3504107,31,2
3520608,5,0
3530508,19,1
3538006,30,1
3541703,1,0
1703883,1,0
1600105,92,1
2900207,0,0
2302701,27,1
2304707,96,8
2306306,75,10
2312502,15,0
5208806,2,0
5217302,0,0
5217401,16,1
2105609,61,0
3130903,5,1
3134301,1,0
3157708,9,0
3161106,-1,1
3164431,1,0
2601102,55,0
2202307,6,0
4112306,5,0
3300308,-14,2
2406106,4,1
4305116,1,0
4313953,1,0
4322509,23,1
3540309,0,0
3541208,4,0
3543709,3,0
3545308,26,2
3554706,11,1
3556701,45,3
1200435,49,0
2907905,0,0
2930105,8,0
2313609,121,3
2313955,120,0
5209937,0,0
5210109,12,0
2104107,3,0
2105906,50,0
3108800,1,0
3145851,0,0
3151701,26,0
5003504,20,0
2511103,0,0
2606408,17,1
2204808,1,0
2206951,1,0
4106852,6,0
4116505,0,0
4124806,0,0
3302403,269,14
4322202,0,1
4201901,0,0
4213203,31,0
2803005,45,1
3508009,19,1
3540754,2,0
4304309,1,0
2901007,6,0
2916906,0,0
2928059,0,0
2310209,75,8
2310852,22,1
5208608,26,0
2106755,1,1
2108009,8,0
3122504,5,0
1507961,18,2
2506400,31,1
2603207,7,0
2605103,17,1
4118501,41,0
2407906,1,0
2414001,6,1
4306767,12,0
4206405,2,0
4217709,2,0
3513405,6,0
3510005,8,0
1301605,77,3
1600253,36,0
2914653,14,1
2309805,58,2
5207501,0,0
3106200,768,29
3107406,10,0
3124401,0,0
3164209,0,0
5104526,7,0
1505502,118,-1
1505106,7,0
2202778,6,0
4212809,29,0
5001508,2,0
3528809,24,0
2923407,0,0
2929107,1,0
2932606,6,0
2933505,12,1
3205150,9,0
5213806,33,1
2103174,62,1
2106300,10,0
3108206,0,0
3135357,0,0
3160405,1,0
2610905,30,0
2207850,3,0
2209807,1,0
4120853,1,0
2400604,1,0
4201505,1,0
4202008,246,2
4215679,0,0
3540903,27,1
3543006,2,0
1713957,2,0
2901205,2,0
2303907,94,0
2309904,22,1
2310258,54,2
3200300,17,1
5218805,2475,7
2100436,34,0
2100808,10,2
3105707,11,0
3105905,5,0
3126901,5,0
3141405,4,1
3144102,0,0
3145406,0,0
3149309,14,0
3161007,0,0
3168101,1,0
1501451,1,0
1502152,289,2
1502905,364,3
1503705,12,1
2508000,1,0
2605301,4,0
4120705,2,0
4123956,0,0
4127908,15,0
3303500,352,40
2402204,6,0
1100304,76,0
4311981,1,1
3539301,38,0
3550704,41,1
1718501,0,0
3527801,7,0
5005152,2,0
2706604,45,0
2922755,6,0
2308377,99,1
2110856,42,0
3170438,17,0
5000856,0,0
1504703,93,1
1508050,76,1
2505279,4,0
2514800,0,0
2611903,19,1
2207504,1,1
4111902,0,2
4120655,3,0
4126678,1,0
1100023,224,8
4314100,292,2
4201950,7,0
3524006,89,1
1717008,0,0
1718808,23,0
5203906,10,0
2206050,1,0
2913200,7,0
2900405,12,0
3200169,5,0
5218003,8,0
2102325,177,0
2107456,78,0
3135100,37,2
3157500,1,1
3165107,0,0
5003454,14,1
5103379,0,0
1506104,20,0
4107751,1,0
4125001,2,0
4126108,24,0
2414753,0,0
4313607,0,0
4200556,0,0
2803302,7,0
2806305,8,1
3512100,2,0
3516903,9,0
3535705,2,0
3539004,5,0
4110300,2,0
4103206,1,0
2700706,45,1
2902708,14,0
2920007,0,0
2313203,41,1
5221197,4,0
2110807,0,0
3107000,0,0
3120003,1,0
3141702,9,0
3165305,1,0
1500206,31,1
2509370,-1,0
2601607,2,0
2616100,0,0
2205607,1,0
4104204,62,0
4105607,3,0
4121406,0,0
3302809,-1,0
1101468,6,0
4303004,25,0
4203501,0,0
3501905,19,0
3508207,1,0
3550001,0,0
3553005,2,0
2414456,2,0
4305009,4,0
5200803,1,0
4107546,1,0
2907301,13,0
2312601,10,0
5220108,10,0
5003306,1,0
5101852,1,0
2513000,1,0
2603900,15,2
2211357,1,0
4101606,43,0
4105300,11,0
4301404,0,0
2802403,1,0
3501806,11,0
3515657,0,0
3540705,13,0
1713700,0,0
2503902,1,0
2702405,37,2
2912400,0,0
2920403,-1,0
2104503,45,0
2111508,67,2
2111573,5,0
3110608,3,0
3112406,0,0
3127503,0,0
3162500,61,0
5000609,1,0
5104906,11,0
1400456,56,5
4305355,13,0
4305702,6,0
4310108,1,0
4211702,8,0
3507407,6,0
1701309,2,0
2709400,56,0
2925808,3,0
5209804,8,0
3119955,0,0
3137403,1,0
1507102,72,0
2508802,0,0
2203107,1,0
2206704,0,0
2400703,15,0
4312658,-3,0
4202057,2,0
4215505,1,0
3531100,8,0
3549250,1,0
3554904,0,0
2701308,52,2
1600550,48,0
2903102,-1,0
2307635,31,4
5200605,3,0
5204904,6,0
3151206,18,0
5100250,19,0
1502202,118,5
1506906,75,1
4116703,1,0
3300704,107,7
4304705,10,0
4308409,0,0
4321451,85,0
4204756,0,0
4207601,1,0
4215307,0,0
2805109,4,0
3503901,99,4
3528007,74,0
3537404,2,0
1712157,0,0
1717800,0,0
1300300,87,0
2919058,0,0
2311603,148,7
3205309,1166,39
2103505,91,1
2107605,-2,0
2108504,116,1
3152501,60,0
5108600,16,0
2504355,9,0
2605905,16,2
4124004,2,0
3304409,19,0
2402303,19,0
2404101,8,0
2409506,4,0
4306601,2,0
4314035,0,0
4319109,0,0
3533106,0,0
3556008,1,0
4315149,10,0
2929750,3,0
5213087,3,0
2101202,320,4
2102200,17,0
2105922,0,0
2108306,36,0
3106101,3,0
3118809,0,0
3127800,0,0
5007208,47,1
2509503,10,0
2609808,1,0
4118402,30,0
1400407,5,2
4306106,33,0
4315602,47,0
4321808,2,0
3523503,5,0
3528601,0,0
3547700,2,0
3555604,6,2
1708254,2,0
1200708,48,0
2901403,0,0
2927309,3,1
2304459,6,0
2104602,54,0
2105948,43,1
2111532,43,1
2113009,333,0
3107208,0,0
3144656,2,0
3147402,1,0
3150307,0,0
3167400,0,0
3161601,0,0
2607950,12,0
2201705,2,0
2411007,0,0
4303509,9,1
4314050,6,0
4204301,156,0
3500907,0,0
3519303,21,0
3546108,1,0
1702554,58,0
1600154,333,1
2904100,0,0
2905800,4,0
2925501,21,0
2932457,11,0
3200201,23,3
3202009,8,0
5219456,1,0
2104800,187,2
2111102,2,0
3119609,0,1
3123403,0,0
3128600,10,0
3140852,2,0
3169356,11,0
5106299,1,0
1501956,62,0
2503100,2,0
2509206,30,0
2509701,16,1
2514453,27,0
2610707,147,7
4304200,1,0
2807501,5,1
3503604,5,0
3503950,3,0
3508900,1,0
3510401,50,0
3539509,34,1
3543238,3,0
2704500,48,1
2907400,0,0
2927101,0,0
5300108,8960,105
3204955,10,0
5210208,30,0
5214606,21,0
3127701,211,12
3159803,4,0
2512507,93,1
2514305,0,0
2600203,0,0
2612000,1,0
4109401,11,1
1101807,2,0
4307559,4,0
4314902,323,12
4318481,2,0
4321501,4,0
2801306,48,4
3503802,8,0
3545209,40,1
2700508,16,0
2905404,2,0
2905602,56,1
2924009,39,0
2312106,12,2
2104404,21,1
2109056,0,0
3104106,1,0
3109105,1,0
3109204,34,0
3130200,0,0
3131505,0,0
3144508,0,0
5108055,0,0
2602407,0,0
2608909,75,4
2202075,1,0
4107306,2,0
2400802,5,0
2401453,48,1
1100296,1,0
4303202,3,0
4201208,7,0
2800100,0,0
3508108,7,0
3545407,10,0
2206902,1,0
2924603,0,0
2929354,9,0
5201405,573,12
5209291,0,1
2111953,0,0
3126505,0,0
3134400,18,0
3146008,1,0
1500305,179,1
1507904,30,2
1400472,118,3
4300877,3,0
4306502,0,0
4211876,1,0
3534005,1,0
1703057,3,0
4119004,1,0
2903953,1,0
2917805,1,1
2926004,0,0
3203700,33,0
2107902,4,0
2112274,0,0
3109253,1,0
5105259,116,6
1504802,153,4
1506112,47,0
2501807,129,6
2516201,65,1
2517001,7,0
2604007,27,5
2200459,0,0
2201929,-1,0
4111506,2,0
3300100,375,12
3301405,38,0
3301850,146,5
2800209,17,1
3553500,14,0
3554003,82,6
1700400,1,0
4107157,2,0
2903508,0,0
2922904,11,0
2925204,52,0
2932903,100,1
5203302,12,0
2102150,0,0
3133808,6,0
3141801,0,0
5004304,2,0
1503309,107,1
2503001,88,2
2504207,3,0
2516003,19,0
2603926,1,0
2208403,69,0
3303609,8,1
2403103,47,1
4302055,1,0
4309902,0,0
4314027,1,0
4319703,2,1
4203808,24,0
4204400,1,0
4214805,22,1
2803906,55,4
2804003,42,1
3541604,34,0
3519253,3,0
2910503,7,0
2918100,2,0
2302909,60,0
5208707,1866,21
3102308,1,0
3118601,152,9
3155504,34,0
1504109,6,1
2601300,14,0
2605004,56,1
2607752,18,2
4118808,4,0
2414308,4,0
4306809,26,1
3502507,5,0
3543253,1,0
1707207,2,0
1711902,3,0
3157302,4,0
5007307,1,0
1600303,2477,24
2913457,16,0
2923605,0,0
2300507,29,0
2308005,81,5
3202652,3,0
3108909,0,0
3135308,1,0
3139201,4,0
3158953,88,1
2513406,25,0
2210508,9,0
3300456,158,13
4323705,2,0
4200101,14,0
4205175,26,0
2805000,4,0
3547601,2,0
3548302,0,0
1700350,3,0
1702307,2,0
1200252,22,2
1200328,16,0
1301100,38,0
1303957,17,0
2918308,7,0
2931905,1,0
2311801,259,1
5204300,18,2
5220207,4,0
5200175,2,0
3100302,2,0
3119906,6,1
3155306,0,0
3156452,2,0
3162948,2,0
5100300,11,1
2507200,25,0
2508406,8,0
2515005,15,0
2202117,0,0
2210904,0,0
4300802,1,0
4304614,0,0
4315552,0,0
3515103,62,2
3520806,0,0
2409605,1,0
2917409,0,0
2303105,90,0
5200100,12,0
2103554,7,0
2111631,0,0
2112407,26,1
3115904,0,0
3138609,-1,0
3157005,77,0
5102637,51,1
2507507,2792,32
2510006,1,0
2204402,2,0
4106704,0,0
4316402,0,0
4219150,5,0
3505203,13,0
3514007,1,0
3519071,135,4
3540507,0,0
3544707,0,0
3158904,1,0
2705507,36,2
1303106,185,3
2301406,26,0
3204609,21,0
2101806,4,0
3121100,0,0
3133204,0,0
3134202,8,0
2502003,0,0
2601003,1,0
2610202,23,3
4114104,4,0
3304557,8718,798
2409803,3,0
4316204,2,0
4318101,1,0
4321477,1,1
4322707,0,0
4213153,1,0
2804805,322,14
3531001,3,0
3542602,36,0
3544202,0,0
3550605,24,1
1703107,7,0
1703891,2,0
1720309,3,0
4310538,5,0
1300409,91,0
1304401,91,0
2902658,2,0
5200829,-1,0
5205471,2,0
3106705,99,8
3110301,0,0
3120904,27,0
3121704,0,0
3137205,11,0
3139805,6,0
3140555,6,0
3140159,4,0
3150406,4,0
3163805,0,0
5006002,3,0
1502855,2,0
2600500,53,3
2201804,0,0
4121604,1,0
3304508,-2,0
2407104,83,2
4212502,14,1
3501103,1,0
3505708,158,17
3528304,-3,0
5100805,0,0
2918209,0,0
2313757,25,1
3203205,331,6
5201504,0,0
5213905,1,0
5220058,0,0
5221601,14,0
2111904,1,0
3118700,0,0
3160959,1,0
3164472,1,0
3171402,0,0
5005707,30,0
5103700,13,0
1506500,45,5
2601409,15,4
2603504,10,1
2608404,3,0
2611507,43,1
3306008,90,1
2409332,4,0
4309126,4,0
4210100,3,0
4212239,0,0
3510609,385,19
3544301,2,0
3550506,2,0
5215306,1,0
2201051,2,0
3144409,1,0
2705408,4,0
2916609,1,0
2928703,96,1
2308807,44,0
3205002,1165,33
3142304,0,0
3167301,0,0
4103602,10,0
4110656,0,0
4128401,3,0
2413201,4,0
1101005,5,0
4204558,0,0
4207007,5,0
3500758,3,0
3513504,514,27
3515400,4,0
3535507,13,0
3556107,8,0
1703602,0,0
2930501,34,1
2933257,5,0
2311702,17,1
2313500,99,1
3203353,18,1
5201108,251,0
5206800,4,0
2111748,30,0
3123700,0,0
5006606,27,0
5107297,4,0
2500536,3,0
2507606,24,0
2204600,1,0
2209302,1,0
4113700,238,21
4117503,11,0
3302452,4,0
4304002,2,0
4311775,6,0
4316600,5,0
4219309,24,0
3507704,6,0
3531704,2,0
3542107,8,0
1703842,0,0
5209903,9,0
5214051,3,0
2919504,2,0
2100709,33,0
3114501,3,0
3144003,12,0
1505601,8,0
2508901,377,3
2606002,56,4
2612406,6,0
2613107,13,0
2208700,0,0
2210938,0,0
2209971,1,0
4108650,3,0
3301009,285,18
3303906,90,19
1100700,6,1
4303905,60,1
4215208,3,0
4218756,1,0
3504404,1,0
3517307,2,0
3551801,4,1
3100401,4,0
2904704,11,0
2911907,2,1
2914901,18,1
2920452,7,0
2926202,6,0
2303006,32,2
2303303,44,0
2310407,19,0
2310902,2,0
3102704,1,0
3113008,0,0
3124302,12,1
1502806,2,1
2508554,4,0
2600708,16,0
2614204,19,0
4106555,6,0
4107900,1,0
4121307,1,1
4126405,1,1
3302270,26,4
1100320,126,2
4207106,8,1
4200606,1,0
3519105,0,0
3548005,5,0
3145372,1,0
4210209,2,0
2903607,1,0
2910800,298,14
2303204,52,0
2307650,422,22
5200134,1,0
5215603,16,1
2100055,304,9
2104008,87,0
3101904,0,0
3111606,0,0
3127305,0,0
3134905,5,0
5103452,0,0
1501576,26,0
2509404,25,0
2613008,38,0
3302601,70,14
3304607,-3,0
1400100,750,35
4304630,12,0
4206009,3,0
3505104,1,0
3505807,1,0
1712702,0,0
1720259,0,0
4311759,3,1
5216809,2,0
1304104,0,0
2906857,1,0
2920601,14,1
5214861,1,0
2111078,41,0
3134608,4,1
3151503,5,0
1501303,363,7
2602209,24,2
2612505,58,4
4108809,0,0
4119400,3,0
3304102,19,1
2412609,17,2
4310553,7,2
4311809,91,4
4314779,0,1
4205803,3,0
4211405,0,0
4216404,0,0
2801108,3,0
3516002,-1,0
3539806,66,7
3543808,2,0
3515194,4,0
2706802,44,0
1302702,16,2
2909604,2,0
2929255,1,0
2312908,1339,30
5206206,17,0
2102309,1,0
2108454,10,0
3122603,0,0
2514206,1,0
2610509,19,1
4102208,1,0
4114351,0,0
4117701,3,0
4125753,6,0
2404903,0,0
4307005,72,0
4307054,0,0
4310405,0,0
3504206,7,0
2929602,4,0
2928901,3,0
2933208,10,0
2307254,35,0
3203502,1,0
5204003,0,0
3146305,9,0
3156007,0,0
5000252,0,0
5001003,1,0
2506707,1,0
2510501,12,0
2605459,1,0
2611101,242,6
2207777,0,0
2207801,9,0
4120804,18,0
4309258,-1,0
4310702,5,0
4312377,0,0
4318200,9,0
4203709,29,0
4207809,1,1
4215406,0,0
3509007,88,5
3517406,42,2
2204352,1,0
2701001,124,3
1302009,27,0
2901957,0,0
2910602,2,0
2933158,0,0
3200508,2,0
3200904,24,0
2104552,2,0
3128253,0,1
3151107,6,0
3160702,13,0
5107883,1,0
2513851,0,0
2604205,28,2
2202554,8,0
2204006,0,0
4112207,3,0
4125456,0,0
2413102,4,0
1400704,7,0
4301602,13,0
4305454,11,0
4316105,5,0
4319356,4,0
4205506,6,0
3532801,9,0
3534609,1,0
4322376,2,0
3139300,1,0
1600279,209,1
2933000,4,1
2305266,4,1
2306207,25,0
3203346,96,3
5205497,71,2
2104081,224,0
3133907,1,0
3125507,0,0
5103437,5,0
1507953,169,3
2500304,52,3
2205003,0,0
2207405,2,0
4100608,2,0
4104709,14,0
2401503,3,0
2413607,3,0
2412005,286,10
2412401,0,0
1100502,-2,0
4310801,14,0
4315800,7,0
4200754,1,0
4211306,105,0
3516408,83,3
3536000,1,0
3541505,-16,0
1711951,0,0
1716109,18,0
3107505,1,0
2912707,21,0
2922102,0,0
2922300,8,0
2922730,0,1
2931707,12,1
2309300,53,2
3118403,0,0
3135050,1,0
3149903,0,0
3164704,8,0
4322608,20,0
4205159,0,0
4208302,34,1
4213104,3,0
3524204,8,0
3535101,4,0
3537107,7,0
4308003,1,0
3109451,1,0
2902104,38,0
2918001,116,2
2106201,19,0
3129202,0,0
3145059,0,1
3147808,0,0
5100508,3,0
1503002,1,0
2507309,41,0
2204105,0,0
4108007,0,0
4322855,2,0
4323606,2,0
3502606,3,0
3517109,2,0
3532405,3,0
1708304,3,0
3543600,1,0
3533809,1,0
3160801,2,0
1300839,6,2
2916005,0,1
2105963,21,0
3113503,1,0
5004601,10,1
5106828,36,1
2504405,1,0
2600054,28,2
2202604,3,0
4111001,0,0
1101435,14,0
4203600,12,0
2802106,148,4
3540804,15,1
3542909,2,0
3553856,2,0
1703909,0,1
2703106,16,0
2301109,117,7
5201207,0,0
5201603,1,0
2105203,110,0
3170008,0,0
1506138,157,1
2503209,146,0
2507408,0,0
2507705,15,0
4102604,1,0
4126702,3,0
2402808,0,0
2403905,0,0
2407302,2,0
4306957,1,0
4308078,0,0
4313904,17,0
4320206,0,0
4319752,0,0
4207700,11,0
3500808,1,0
3545605,21,0
1718006,0,0
2209757,4,0
3133402,1,0
4216800,1,0
2701605,1,0
2702009,15,0
2900603,1,0
2905909,2,0
2925709,0,0
2303659,32,0
2112902,43,0
3152808,0,0
3162302,0,0
3162559,0,0
3302908,30,0
4313656,2,0
4204509,13,0
3515608,0,0
4306924,1,0
1303908,52,1
2301257,2,0
5200506,0,0
5221858,128,5
2104057,59,0
2110708,45,0
3142106,0,0
3145455,0,0
3168804,0,0
1504455,111,1
1507201,3,0
2501906,57,1
2505303,-1,0
2512200,0,0
2202091,8,0
4128625,0,0
4114500,0,0
4123501,27,1
3300951,18,0
3303807,34,1
4300109,0,0
4307203,0,0
4314753,0,0
4211009,10,0
3514106,0,0
3549409,51,0
1721000,380,5
1302108,43,0
1303007,19,2
2905701,144,3
2917607,2,0
2305704,1,0
3121258,1,0
3136603,0,0
3151800,23,0
3162575,9,0
2504033,28,1
2606804,29,0
2606903,12,0
2201101,0,0
4111308,0,0
4122008,0,0
3305133,8,0
4320305,0,0
3504909,0,0
3513702,4,0
3525508,0,0
1711100,0,0
2919603,3,0
1300904,17,0
1304005,8,0
2920908,1,0
2300903,7,1
2108058,16,0
3112307,2,0
3114105,2,0
3131158,14,0
3170909,3,0
5102686,36,2
5106190,12,1
2603405,12,0
2603603,16,0
2205201,0,0
2209450,0,0
4103354,5,0
4113304,10,0
4118204,65,0
4323457,7,0
4215000,21,0
3538501,0,0
3544251,-1,0
2500577,1,0
3108008,2,0
1302603,2084,110
2914505,3,0
2915809,2,0
2915908,0,0
2931004,0,0
3202108,3,0
3205200,1271,49
5212105,0,0
3163003,27,0
5107008,17,0
2505006,19,0
2515906,0,0
2201770,5,0
2205565,20,0
4101051,1,0
4110805,1,0
4125100,0,0
3303401,58,3
3304904,1018,68
2403806,7,0
2412104,1,0
1100106,258,7
4306320,0,0
4314159,7,0
4319406,0,0
2803609,38,0
2806107,19,0
3506904,9,1
3527702,0,0
3500550,2,0
3552908,1,0
1200385,14,1
1200450,27,1
2907103,0,0
2918506,0,0
2922003,25,0
2925758,13,0
2300101,8,0
2301505,1,0
2305803,91,1
2308906,49,0
2311264,9,0
3203304,15,0
2100105,5,0
2110609,97,2
3102902,6,0
3131604,0,0
5007976,0,0
2513653,0,0
2202901,4,0
2205599,1,0
3305406,15,2
3305554,71,5
1100601,1,0
4319711,0,0
2802700,7,1
2806909,2,0
3510302,14,0
3529401,256,12
1710508,1,0
5203962,1,0
4108205,1,0
3127073,1,0
5217708,1,0
2707008,2,0
2707602,20,0
2708709,45,0
2910008,0,0
2927903,1,0
2929305,6,0
2305100,15,0
5211602,0,0
2102374,0,0
3111200,6,1
3142700,0,0
3143401,8,0
3169406,12,0
1502939,46,0
2202133,3,1
4310413,0,0
4313060,22,0
4220000,1,0
4208203,296,7
4208005,3,0
4216107,7,0
2804458,3,0
3514601,5,0
3534302,40,0
3538709,389,21
3542008,-1,0
3500501,8,1
2310803,1,0
5200308,10,0
3124104,16,0
5106307,4,0
5106778,5,0
1505536,2693,11
2503605,55,0
2504900,5,1
2512788,2,0
2613503,37,0
2615102,5,0
4322525,2,0
4215356,1,0
4215604,0,0
4217105,1,0
3524303,5,0
3546504,4,0
3552809,345,25
3136801,1,0
2909000,0,0
2303709,331,30
2305506,211,4
5208905,2,0
2107209,1,1
3139706,-1,0
1502301,24,1
2516409,1,0
2607406,0,0
2210375,0,0
2211001,1458,75
4128500,3,0
2404408,26,0
4204004,2,0
4204608,61,0
4207858,0,0
3500709,23,1
3553302,2,0
3557154,1,0
2927804,4,0
2313401,307,9
5206602,2,0
3110905,1,0
3111408,5,0
3144607,14,0
5101803,40,2
2512408,36,0
2601805,1,0
4127106,18,0
2411403,2,0
1101203,0,0
4323804,2,0
4300059,5,0
4210407,1,0
3508702,-1,0
3511003,5,0
3512902,3,0
1701101,0,0
1710904,5,0
4311627,1,1
2309409,15,1
2309508,37,1
3201209,401,15
5207402,1,0
2100832,1,0
2104701,17,0
3101508,28,0
3115805,2,0
3120508,1,0
3141108,4,0
3161809,0,0
5107263,3,1
1501782,37,2
2500403,37,0
2501153,0,0
2613404,33,2
2202026,0,0
3306206,38,2
1100940,9,0
4302600,0,0
4312385,2,0
4313300,69,0
4314407,35,0
3557303,11,1
3550209,9,1
1709302,31,1
2701357,4,1
2931509,5,0
2305209,40,0
3202306,22,1
2103257,96,0
3123809,0,0
5005608,1,0
5007109,0,0
1507466,10,1
2508307,85,0
2602605,35,1
2200202,35,1
4104501,1,0
4106407,18,11
4109609,1,0
4111258,5,1
2406205,13,0
2406700,4,0
2407708,9,0
2408003,394,15
2408953,10,1
4306759,0,0
4319737,0,0
4216701,4,0
3509304,4,0
3552106,3,0
2708402,14,1
2906501,114,6
2906709,21,1
2907806,0,1
2911402,5,0
2930303,0,0
2304269,0,1
2103703,76,1
3150000,2,0
1501402,1466,106
1503093,12,0
2509339,4,0
2513158,2,0
2600609,9,0
2202729,0,0
4101101,19,1
4106506,4,0
2413508,1,0
1100064,10,0
4306403,11,1
4323770,4,0
4202453,63,0
4215802,9,0
3521150,2,0
2307908,16,2
5214002,1,0
2110401,78,1
3108404,-1,0
3142205,3,0
3161205,0,0
5005202,4,0
5005400,15,0
2500601,47,0
2511509,31,0
2200301,3,0
2202737,6,0
2210201,0,0
4105409,1,0
1100924,3,0
4302709,5,0
4316808,11,0
4201406,7,0
3506359,128,2
3520426,0,0
1715150,0,0
3504701,1,0
4126306,10,0
2702504,1,0
5217203,1,0
2112001,10,0
3136306,8,0
3168051,2,0
1500800,313,19
1504901,49,1
2614808,2,0
4102901,0,0
4108908,1,0
3306107,23,0
4310900,2,0
4315156,-2,0
4319000,13,0
4213807,4,0
4214300,0,0
4216008,4,0
3509106,0,0
3551009,593,26
3553104,1,0
1704600,0,0
1714203,1,0
2200277,1,0
2704302,2102,79
2707404,9,0
1304302,79,0
2904209,0,0
2909307,-3,0
2924801,0,0
2309706,125,8
3204252,5,0
2111409,4,0
3100203,1,0
3101102,7,0
3102803,2,0
3145877,0,0
5107875,30,0
5107909,86,7
2616407,157,18
2207207,1,1
4101507,15,0
2413409,14,0
4302378,0,0
4311502,3,0
4205407,184,1
3502903,14,1
3526803,160,5
3557105,76,2
4113759,1,0
5222203,1,0
2918902,2,0
2933174,2,0
2307403,10,0
2307502,12,1
3147204,1,0
2513927,1,0
2209351,2,0
4102802,7,0
4113106,0,0
3300209,37,1
2411056,3,0
4307450,2,0
3506201,1,0
2704203,43,0
1300144,0,0
5204102,8,0
5215256,-1,0
2102408,0,0
2106672,7,0
2106904,40,1
3103504,44,0
3133758,2,0
3154903,0,0
5107701,8,1
2504603,84,3
2514404,0,0
2206654,0,0
4110102,2,0
4123709,0,0
2403756,2,0
1101609,1,0
4306304,3,0
4309803,0,0
4202206,0,0
1703800,27,0
1714302,14,2
3146255,1,0
2908002,6,0
2909901,10,0
3204203,49,0
5205307,3,0
5211909,92,0
5218300,13,0
2101970,1,0
3113107,0,0
3137502,0,0
3158508,0,0
5102694,3,0
5106182,1,1
1500701,28,0
1505437,152,1
2502508,11,0
2208601,0,0
4113452,0,0
4124020,8,0
2402600,132,1
2414902,0,0
4304663,1,0
4208609,1,0
3506607,14,1
3540606,63,0
3541307,11,0
3549805,473,17
1703305,3,0
1200138,32,0
2708907,54,4
2911006,12,0
2924405,0,0
2300606,0,0
3203007,61,5
5213756,27,0
5215702,17,0
2114007,90,5
3120805,4,0
5002704,458,0
1502400,203,21
1504950,50,0
2500502,84,0
2608008,12,0
2202083,16,1
4103107,2,0
1100379,0,0
4202701,0,0
4209508,0,0
3500303,6,0
3507506,66,3
3508603,6,0
3531209,1,0
3548708,1209,44
3554805,2,0
3557006,76,4
1720853,0,0
5004403,0,0
3515301,3,0
2700409,55,0
2902500,1,0
2910057,28,2
2922409,1,0
2304301,18,1
2313252,5,0
2104651,61,0
3131000,0,0
3139904,0,0
3140209,1,0
3145901,10,0
3151404,0,0
3167608,4,0
2507903,53,2
2512309,13,0
2608800,27,0
2203271,1,0
2209500,2,0
2401909,10,0
2406601,3,0
1400175,40,2
4307708,28,2
4211751,5,0
2802809,16,2
2804201,10,0
3501004,3,0
3540002,1,-1
1705102,0,0
2205557,3,0
2917706,4,0
2305001,32,0
3203106,25,1
2101707,18,0
3120151,0,0
5105002,0,0
2515609,0,0
2604908,9,0
2202059,1,0
4116059,16,0
4125605,1,0
2414209,15,0
4317202,13,0
3509700,28,0
3512506,-1,0
3551108,0,0
3555802,4,2
5214408,3,0
2702108,35,0
2705705,67,1
2902401,21,0
2914604,15,1
2923506,0,0
2900504,-1,0
2100873,67,1
2107100,2,0
3108107,0,0
3135803,2,0
5105622,11,0
2516904,8,0
2616506,36,1
2210052,0,0
4119905,64,0
2403509,8,0
2412906,8,0
1100452,-3,0
4212106,9,0
4200408,0,0
3509908,13,1
3512308,4,0
3542305,4,0
1717909,0,0
3118106,1,0
1600808,290,1
2902005,0,0
2904852,3,0
5210158,0,0
5215231,64,1
2105476,49,0
2109106,111,0
2111300,691,84
3100500,3,0
3148202,3,1
3152105,20,0
3160306,5,1
1506302,25,0
4103156,0,1
4128203,14,0
3302304,17,0
1100015,21,0
4301651,1,0
4210803,1,0
4215752,1,0
2803500,97,4
3513603,1,0
2411908,2,0
2709152,38,2
2927606,1,0
5202601,6,0
5219753,50,2
3115300,12,0
3137007,0,0
3167004,0,0
2509008,4,0
2512002,12,0
2615300,34,1
2203503,5,0
2206100,11,0
2209104,0,0
4106308,8,0
2401800,8,0
4313201,2,1
4320453,0,0
4205605,0,0
4205704,4,0
2801702,2,0
3520004,23,1
3534104,1,0
3535200,8,0
3536257,1,0
3549508,3,1
2702355,44,0
3201506,318,9
3204401,49,2
3123528,0,0
3157658,1,0
5105234,7,0
5107800,6,0
1504059,51,1
2513703,186,6
2601201,34,1
2614303,1,0
2205805,134,4
4114609,16,0
4316428,1,0
4217303,11,0
2802304,41,2
3526506,-1,0
3549904,543,16
3152709,2,0
2702801,33,1
2903300,4,0
2925402,0,0
2929503,10,0
2307106,9,1
3200805,22,0
5205802,0,0
2101509,-1,0
3114709,0,0
3140001,55,0
2513307,6,0
2211605,0,0
2211407,1,0
4122800,1,0
2402709,3,0
2405504,0,0
4315503,1,0
4204350,7,0
4205001,1,1
4219002,27,1
3524709,12,0
3526902,170,8
3554953,2,0
2704708,236,0
2705903,6,1
2900108,1,0
2916708,0,0
2917508,17,0
2917904,5,0
2933307,133,4
2308203,120,2
5212808,3,0
2104305,7,0
3105103,0,0
3111507,9,0
3166956,0,0
1505304,140,0
1508357,126,5
2510659,2,0
4123006,1,0
4101150,0,0
1100114,104,1
4305306,0,0
4305850,0,1
4309001,5,0
4200051,3,0
4209854,9,0
4210506,17,0
4219705,135,2
3503000,3,0
3524402,157,8
1701002,7,0
3121407,2,0
1200302,69,2
2703205,24,1
2706208,24,1
2708956,1,0
2908705,4,0
5204250,2,0
3111903,9,0
3112505,0,0
3130101,27,0
3144672,0,0
3170701,20,1
5103361,1,0
2506202,1,0
4107603,1,0
4201257,4,0
4202875,0,0
4214904,0,0
3516309,75,3
3524600,5,1
3544608,1,0
3546405,25,0
3550803,1,0
1715002,1,0
1716307,3,0
2703908,2,0
2706406,53,0
2906303,1,0
2918704,1,0
5219357,3,0
2102036,137,1
2107001,30,0
3109006,36,0
3130051,0,0
3144805,54,0
5003108,0,0
5107958,123,2
2503753,0,0
2601904,36,1
2612901,1,0
2203420,0,0
4115457,2,0
4124400,0,0
4305587,0,0
4323002,38,3
4210001,9,0
3503208,175,2
3508801,4,0
3520400,47,0
3551207,-1,0
1715705,6,1
4207205,4,0
2705200,53,0
2303808,15,1
5200258,135,9
2101608,200,0
3128402,0,0
3169307,25,1
5106653,9,0
1507458,41,2
2604502,30,3
2207009,15,0
2207793,9,0
4103909,0,0
4120002,2,0
1400050,46,2
4307831,0,0
4319307,0,0
4321907,58,1
4202305,35,0
4216305,21,1
2806008,10,0
3511607,1,1
3518107,5,0
3519204,2,0
3530607,223,14
1715754,0,0
1302306,68,1
1600204,96,0
2302305,184,2
5209101,34,1
2103158,29,0
2110203,9,0
1505650,38,0
1507979,38,0
2603009,11,0
2604601,29,0
2610806,3,1
4106902,699,23
4120408,1,0
4127957,9,0
4304606,118,2
4317251,0,0
3522703,9,0
3525805,4,1
3526407,22,0
3532108,1,0
2707701,181,7
2707800,18,0
2916104,7,0
2926806,0,0
2313559,31,0
2100501,11,0
3150570,0,0
3159704,0,0
3169703,0,0
5002407,7,0
5107305,6,0
2509305,20,1
2516607,14,0
4103057,3,0
4128658,4,0
4319604,9,1
2801504,24,1
2804607,32,1
3509452,3,0
3522604,30,2
3523701,0,0
3536208,29,0
3547304,169,5
3555505,3,0
1715101,0,0
2919157,7,0
2923001,34,1
2930774,39,4
2306108,9,3
5200050,8,0
5204805,0,0
2112308,148,1
3111804,2,0
3136652,1,0
5103908,10,0
2207900,19,3
2211209,54,1
4110201,0,0
4127601,2,0
2400901,0,0
4305504,0,0
4314548,0,0
3526209,18,0
3553708,14,0
3555000,6,1
1706258,0,0
2304806,0,0
5106216,2,0
2706000,7,0
2908606,16,0
2303402,43,0
2313351,49,0
3201100,10,0
3205176,11,1
3109402,15,0
3112000,1,0
3130556,0,0
3168705,95,0
5004007,5,0
5108352,4,0
1506401,12,0
2504157,34,0
2609709,36,0
2611408,1,0
2204709,13,0
2205706,45,1
2406304,0,0
2410108,30,0
4300406,9,1
3520442,2,0
3532827,0,0
3551900,2,0
3165560,1,0
2703759,43,0
1300631,0,1
2926400,0,0
2304350,24,6
2306801,35,0
2309003,31,1
2309201,3,0
3145307,10,0
3151602,2,0
2602902,66,8
2609105,14,0
4112009,10,0
3304524,70,1
2407203,29,8
1400506,37,1
4300505,1,0
4308706,6,0
4311403,60,0
4321402,4,0
4200200,0,1
4216255,0,0
3506102,4,2
3541000,365,12
3542404,-1,0
1720150,0,0
5216452,1,0
5100607,3,0
2704005,45,1
2706422,1,0
5218391,1,0
3143203,0,0
1503200,41,1
1508407,109,0
2515971,17,0
2205854,28,0
2210706,7,0
2404804,1,0
4305801,18,0
4322103,0,0
4203956,19,0
4212270,3,0
4215695,0,0
4218905,0,0
3513108,12,0
3516606,0,0
3521606,3,0
3542800,2,0
2905206,1,0
2913507,55,0
2916500,6,0
5200159,2,0
3123601,10,0
3147709,0,0
3148103,8,1
3154606,87,2
5005103,0,0
5006358,0,0
2512804,1,0
2500700,3,0
2201150,9,0
2206357,0,0
2209203,0,0
4108320,3,0
3305208,65,2
3306156,15,0
2406908,0,0
4315057,0,0
4321204,0,0
4321303,2,0
4208104,0,1
4211454,3,0
4211801,0,0
4217550,0,0
2802502,8,1
2807204,17,0
3514809,11,0
1702703,3,0
1718840,0,0
2514651,2,0
3156502,2,0
2701209,6,0
1302801,32,0
2919207,170,9
2925303,27,0
3200102,79,0
3132404,11,1
3170107,112,3
1504406,71,0
2502151,2,0
2505105,33,0
2508109,0,0
2601706,19,2
2606101,24,1
2610400,7,0
2611200,1,0
2615003,3,1
2209658,0,0
3302858,113,14
2402105,7,0
2411205,26,0
4312054,0,0
4312351,0,0
4210605,19,0
2800407,15,0
3510500,63,8
3525102,7,1
3530805,109,3
3544103,28,1
2901155,0,0
2305605,15,0
2310100,24,1
5217609,81,2
2111029,22,0
3130408,6,0
3143153,1,0
3165909,0,1
5000708,1,1
5107248,9,0
5105507,18,1
2510402,0,0
2517209,1,0
2612455,0,0
2204303,22,0
4101804,65,0
2404853,24,0
1100338,27,0
4312203,3,0
4321105,0,0
4208500,1,0
3539608,17,0
1721109,3,0
3166709,4,0
2902609,1,0
2700201,57,0
1300060,15,0
2921005,28,0
2922854,0,0
2931400,2,0
5215207,2,0
3159605,0,0
3163300,0,0
3162906,2,0
5006200,8,0
1502764,67,0
1505494,5,0
2508208,15,0
2607307,22,3
4209458,8,0
4210555,5,0
2802908,191,5
3505500,271,4
3525706,25,1
3527108,39,0
1720200,29,1
4306072,1,0
2708303,66,0
2928000,7,0
2313104,137,3
2105807,26,0
3113909,0,0
3140530,14,0
5002100,0,0
1504307,7,1
1505486,64,0
2611002,15,1
4116901,1,0
4118600,4,0
4121257,23,0
4300646,1,0
4302154,-1,0
4303301,0,0
4306734,0,0
4202537,16,0
4215455,13,0
3546306,29,1
3546801,32,7
3545100,1,0
2904308,1,0
2906204,4,0
2923308,2,0
5201702,5,0
5219308,56,0
2105005,-1,0
3166105,1,0
5100409,2,0
5101704,3,0
5103502,10,0
1507755,6,0
2607703,5,0
2201408,2,0
2202000,60,1
2202109,0,0
4104105,0,0
3300407,23,5
3302205,190,0
2409209,4,0
2411502,27,0
2412302,15,0
4303673,0,0
4313003,0,0
4320800,6,1
4212700,0,0
4213401,1,0
4218608,0,0
3500204,4,1
3505401,1,0
3525201,17,1
3529005,93,3
1712405,0,0
2705606,12,0
2915700,0,0
2923050,1,0
2927507,38,0
3201902,58,0
5204557,0,0
5214705,0,0
2111789,29,0
3129509,7,0
3136108,14,0
3162609,1,0
5006275,2,0
2517100,4,0
2615607,8,1
2205524,2,0
2207751,4,0
2208304,26,1
4100400,36,1
4119251,0,0
2407500,4,0
4318903,1,0
4201653,3,0
4213500,24,0
3522000,7,0
3527900,0,0
3529807,1,0
3530102,6,1
3548609,1,0
3500600,3,0
4107538,1,0
2303501,149,24
3202504,37,1
2102002,74,1
3148905,0,0
3169109,0,0
5107859,4,0
1500958,44,1
1501907,12,0
2610004,194,4
4108452,6,0
4119301,12,0
4122602,2,0
4125506,61,5
2403301,2,0
2403608,39,0
1100254,3,0
3514700,-1,1
3521903,21,0
3538600,14,0
3546207,2,0
3548500,1610,66
4306429,0,0
3505351,1,0
1301209,426,2
1302900,61,0
2909208,0,0
5201801,4,0
5219407,2,0
5221403,50,3
3112208,0,0
3119708,2,0
3125952,3,0
3150604,0,0
1505551,13,0
1508159,76,0
2502706,2,0
2506251,3,0
2208007,106,0
4102000,7,0
2407609,2,0
1101302,13,0
4312674,0,0
4317103,37,1
3552403,231,9
1707702,4,1
1720101,2,0
5209408,11,0
3163607,3,0
4314134,1,0
3136520,1,0
2921054,0,0
2313302,101,1
5213053,1,0
3109303,5,0
3156700,30,1
5005004,6,0
5007802,0,0
5102504,65,1
2501609,1,0
2610608,54,0
2600401,86,1
2206605,2,0
2211308,38,-1
4109757,15,1
4112108,3,0
3303005,26,0
4305975,1,0
4315172,0,0
4318457,0,0
4301552,0,0
3501608,114,6
3513900,0,0
1712504,2,0
5101605,3,0
2704906,3,0
2911105,0,0
2304285,182,4
2103208,94,1
3108305,0,0
3112109,2,0
3129004,0,0
3152303,1,0
5101407,16,1
1507607,166,1
2500809,48,2
2514552,-1,0
2602308,17,1
2615904,3,0
4117008,3,0
4127700,164,2
1400605,9,0
4302303,2,0
2803708,1,0
2804409,23,1
3526704,74,3
5219605,2,0
5102850,1,0
2307007,60,1
2312205,86,1
5221502,4,0
2112605,54,1
3105400,16,0
3160009,0,0
5103254,0,0
5105101,4,0
5107354,0,0
1505403,3,1
2505501,1,0
2601508,7,0
2605152,28,0
4125407,4,0
2408201,39,0
2403251,559,21
4215554,0,0
3548906,96,3
5213772,1,0
4105201,3,0
2901353,2,0
2902203,1,0
2924108,1,0
2111052,0,0
3152402,8,0
5100102,6,0
5104104,28,1
5105200,1,0
4110003,0,0
4112751,11,2
3305158,41,0
2405603,15,0
4306452,1,0
4312476,6,0
4209904,1,0
4210035,0,0
4218509,9,0
3531803,68,2
3532306,0,0
3533007,6,0
3541406,107,4
3549102,10,0
1702158,10,1
1706506,11,0
4213302,1,0
4305207,3,0
2906899,0,0
3205069,76,1
3115458,1,0
3128907,0,0
3145604,1,0
3170503,12,0
5008008,2,0
5105309,0,0
5105606,58,1
4106100,6,0
3302254,6,0
4314506,0,0
4321956,5,0
4200309,2,1
4206702,17,0
3550100,8,0
1703206,0,0
1722081,17,2
3146552,2,0
5106158,1,0
2706307,88,3
1600402,143,0
2907707,0,0
2909505,1,0
2931806,0,0
2311207,11,0
5210406,9,0
2101905,10,0
2110500,0,0
3102050,0,0
3102407,1,0
3112802,0,0
3140803,8,0
2513984,2,0
2202752,0,0
2208502,4,0
4105904,9,0
4107405,1,0
4110904,4,0
2408300,43,1
2410603,5,0
4306551,0,0
4213906,0,0
4215075,1,0
2806800,4,0
3505609,20,2
3531506,7,0
3537602,18,0
3554656,-1,0
1715259,0,0
1720937,0,0
1200401,743,26
1200609,131,0
2911501,1,0
2917201,0,0
2920700,5,0
2312304,63,3
3201159,24,0
3203908,77,2
5209705,11,0
2100477,102,1
2101731,-4,0
2112100,199,0
3123106,0,0
3162955,3,1
5103809,0,0
2600807,23,1
2608107,7,2
2206506,20,0
4126256,21,0
4323754,0,0
2802601,0,0
2805802,46,0
3546009,16,0
3556503,70,6
1200807,39,0
2709301,35,1
1302207,60,0
2922508,8,0
2923209,2,0
3204005,33,2
3106309,21,3
3116001,1,0
3135076,0,0
3138005,-1,0
1502954,20,3
2506608,0,0
2614857,36,0
2202711,0,0
4112504,1,0
4117305,1,0
4120903,4,0
4304903,1,0
4313425,0,0
4313706,33,3
3517000,0,0
3539103,26,0
2701407,179,2
2709103,36,0
2901106,11,0
2903904,7,0
2906824,-1,0
2913002,1,0
2927408,3360,156
2305654,21,0
2111003,0,0
3124807,0,0
3133006,3,0
3148707,4,0
3152170,11,0
3154002,0,0
5102702,18,1
1503044,26,0
2502300,0,0
2503308,15,2
2602001,2,0
4104808,688,13
4112801,8,0
1101476,0,0
1400027,13,0
4305900,0,0
4206108,2,0
4209102,326,5
2800704,4,0
3530706,119,5
1720499,0,0
4217758,1,0
2926509,0,0
2302206,61,1
1500404,76,2
2512747,8,0
2612703,4,0
4115606,30,0
3305307,-2,0
4300604,103,1
4316501,0,0
4202859,-1,0
4211256,4,0
3502804,125,5
3511508,11,2
3525607,1,0
3529609,3,0
3532058,0,0
3554300,0,0
4205357,1,0
2900801,11,0
2921450,0,0
5201454,12,1
2112209,247,6
3110004,6,0
3117801,0,0
1505700,43,0
2504074,3,0
2510709,7,0
2516508,3,0
2604403,28,0
2608206,9,3
2202406,6,0
4110052,0,0
4113403,7,1
4114005,2,0
3304201,45,2
2406809,13,0
4302253,0,0
4312252,2,0
4200705,2,0
4209151,1,0
3506409,1,0
3512803,58,2
3540853,0,0
3552601,38,1
3123908,2,0
2931350,303,3
3112703,2,0
3113206,8,2
3153905,6,1
3162104,2,0
3162922,13,1
3164100,2,0
5006259,3,0
5105903,9,0
1506351,13,0
4104451,6,0
4105706,24,1
4115358,0,0
2414605,0,0
1100262,2,0
4311304,1,0
4313490,1,0
4211108,0,0
4216602,63,0
3512605,0,0
3519709,7,4
3532900,7,0
3534401,678,64
1718451,0,0
4202602,1,0
5221908,4,0
2706109,18,0
2707206,2,2
1600055,40,0
2906907,11,0
2922201,2,0
2925105,39,0
2306603,132,1
3201605,8,1
2104099,8,0
3130309,0,0
2504009,1412,14
2508703,1,0
2609006,10,0
2200707,1,0
2205276,1,0
2205409,28,0
2207108,3,0
2210003,4,0
2210409,0,0
3303203,110,10
4304408,3,0
4309100,3,0
4215703,-1,0
4218301,15,0
3514908,12,1
3551603,3,0
3552304,2,0
1716653,5,0
2929370,0,0
2310951,3,0
3204351,14,0
5205109,47,2
2515302,111,5
2208874,2,0
4101408,12,1
3304151,32,0
3304300,21,6
2402501,5,0
2413359,9,1
1400159,12,0
4307807,11,1
4317509,39,1
4320503,10,0
4202107,10,0
3502002,-1,0
3522158,1,0
3537206,1,0
3551306,1,0
3552205,600,16
1706001,1,0
1200344,10,0
2304954,29,6
1500859,139,0
1505031,66,0
2502052,0,0
2204659,24,0
4123600,8,0
4312906,12,0
4322400,8,0
4200507,1,0
3504503,12,0
3523305,5,0
3535309,8,0
1704105,0,0
5212006,2,0
2205458,7,0
4305959,7,0
4207759,1,0
4213351,2,0
4120606,3,0
2901700,1,0
2300200,271,0
5205455,0,0
5205521,0,0
2101772,0,0
2103604,15,1
2106375,32,2
2109239,2,0
3104007,29,1
3140902,1,0
3143906,177,4
5004700,14,0
1502004,3,0
2604809,20,0
2615706,0,0
2206803,20,0
4101309,1,0
4127965,1,0
3300225,13,0
3510104,1,0
3522307,42,2
3546900,2,0
3547650,5,0
2908309,3,0
2909802,16,1
2910206,1,0
2929909,3,0
2302602,735,15
2307700,224,12
2106102,0,0
2107357,21,0
3116308,0,0
3124500,4,0
3132305,3,0
3133501,0,0
3145109,-1,0
3164605,11,0
5003256,8,0
5006309,105,1
1501725,36,0
1503507,34,0
2605707,13,0
2612109,7,0
4119103,2,0
4122305,1,0
4123105,0,0
3305752,57,4
2408607,2,0
1100148,0,0
1100205,2000,74
4304697,3,0
4309506,0,0
4312757,1,0
3511201,9,0
1700301,24,2
1712009,0,0
3137908,1,0
4313805,2,0
1200104,50,0
2707305,70,0
2709004,3,0
2904050,0,0
2905503,12,0
5205000,3,0
5219712,0,0
2101400,113,0
3103009,16,0
3157336,9,0
5102678,61,1
1503101,208,2
1506161,77,0
2501104,16,0
2613305,19,2
2201945,1,0
4114302,2,0
4301057,0,0
4314787,0,0
4205456,17,1
3541109,1,0
2920809,0,0
2923100,0,0
2307809,11,0
2109270,13,1
2109601,13,1
3123858,0,0
3138807,2,1
3145000,0,1
3165800,0,0
5007901,2,0
2505204,19,0
2509800,26,0
2202539,19,0
2205904,3,1
2208809,6,0
2404705,3,1
4311700,0,0
2806701,164,9
3518701,587,16
3104700,6,0
2701100,19,0
3205101,151,9
2100956,20,2
2105351,8,0
2105708,127,3
2109809,143,0
3116209,2,0
3141603,7,0
5104807,29,1
2507002,10,0
2516102,30,0
2514602,14,1
2606200,56,1
2203206,4,0
2203701,43,1
4106803,5,0
4121752,3,0
2412807,9,0
4307500,2,0
4308201,23,0
4311908,3,0
4312609,2,0
4313508,24,1
3507100,2,0
3508504,21,2
3540259,2,1
3542206,5,0
3553906,1,0
1301902,181,2
2917102,6,0
2305332,49,0
2305902,58,1
3204104,24,1
2108207,115,6
3135704,0,0
5104542,1,0
1501501,29,2
2512705,22,0
2607901,438,40
2612802,2,0
4109500,0,0
4112405,3,0
2405405,0,0
2410405,11,1
4317806,0,0
4203006,12,2
4209409,6,0
4211207,5,0
4216354,0,0
4219507,96,2
2805703,37,0
3504008,40,1
3515004,211,10
4301958,1,0
1200500,127,0
1304260,75,4
2900306,2,0
2900702,76,0
2903706,0,0
2911204,99,1
2306009,9,0
3203320,95,3
2101301,58,0
3101706,19,0
3109808,0,0
3149804,9,0
3100906,0,0
5003702,669,6
1503903,66,19
1508100,136,10
1508126,41,0
1508308,8,0
4104907,21,0
4106209,2,0
4107256,0,0
4124103,8,0
2402907,2,0
4321436,3,0
4322806,33,0
4204806,15,0
2801603,4,0
3513009,102,3
3518008,11,0
3537909,9,0
3545001,-1,1
3554508,14,1
1716604,0,0
3130002,1,0
5207352,3,0
4310439,1,0
1200013,9,0
2108900,58,0
3122405,0,0
3128501,0,0
3164308,0,0
3164506,0,0
3170800,6,0
5003207,61,2
5106240,12,0
1507300,130,0
2500908,22,0
2602100,19,2
2615805,1,1
2206720,2,0
4107108,0,0
4108502,5,0
1100080,8,0
4303806,3,0
4321634,0,0
2800605,72,3
3501152,14,1
3518859,2,0
3521507,1,0
3525904,864,37
3529708,2,1
5200852,8,0
1300029,78,2
1300201,140,0
1301654,133,0
2910701,5,0
2913804,1,0
2921906,0,0
2932101,0,0
5211008,0,0
5220009,9,0
2102804,10,0
2105427,41,1
3106903,2,0
3144300,10,0
3159902,0,1
3161908,4,1
5003801,28,0
5107404,1,0
5108006,27,0
1501808,140,4
2509107,67,0
2604700,15,0
4107207,2,0
3304110,5,0
2411106,4,0
4311601,0,0
4216503,2,0
3503109,1,0
3543204,4,0
2702553,8,0
2910909,0,0
2918605,0,0
2921708,1,0
2928950,7,0
2301802,7,0
2308104,33,0
2106359,19,0
2110658,3,0
2504801,2,0
2514503,9,0
2203255,0,0
2411429,1,0
1101757,3,0
4204251,2,0
3536307,6,0
1707405,9,0
1718865,1,0
2925956,7,0
2927200,37,1
2929701,1,0
2931608,22,0
3204559,24,0
3117009,0,0
3133303,7,0
3135001,2,0
3171501,0,0
3155207,2,1
3158300,3,0
5005251,2,0
5008404,5,0
5107180,4,0
5107743,12,0
5108402,246,29
2513604,0,0
2607505,18,0
2609501,12,4
2202703,27,0
4117107,8,0
4123402,0,0
2400505,3,0
1100403,12,1
4300703,1,0
2807402,25,0
3514304,2,0
3556305,19,2
1702406,3,0
1200054,51,0
1303700,68,0
2928802,5,0
2305308,89,2
3202801,103,4
2101004,2,0
2104909,23,1
2105658,19,0
3136207,78,0
3137809,0,1
2506004,45,1
2514701,37,0
2607604,8,0
2200608,4,0
2201606,2,2
2205300,0,0
2404606,7,0
2410306,6,0
2412708,5,1
1100809,52,1
4316907,170,6
4215109,1,0
3519808,2,0
3521309,8,0
3532603,2,0
3550902,6,0
3127370,1,0
4120358,1,0
1200351,9,0
5205901,8,0
5211800,2,0
5219506,0,0
2101251,2,0
2106003,1,0
2106706,13,0
3142908,1,0
3143609,0,1
3147907,4,1
3154507,4,0
5001904,9,0
5004106,10,0
5106422,50,1
2202505,1,0
2209005,4,0
2210383,0,0
4105102,0,0
1100346,3,0
4320404,21,0
4323408,8,0
4217808,14,1
3521101,8,0
3532504,3,0
2901601,0,0
2933455,0,0
2305407,35,0
3162005,0,0
5107206,4,0
2200400,113,0
2201572,0,0
3300159,25,0
1101484,8,0
4309704,0,0
4217402,8,0
2801009,8,1
3508306,2,0
3518602,40,1
3519907,0,0
3538808,19,1
3555307,0,0
4300570,3,0
1302553,34,2
2908507,70,0
2910404,6,0
2306256,41,3
5213707,0,0
2105500,6,1
2107308,1,0
3125309,1,0
3161502,0,0
1503077,38,0
2607653,118,2
4115507,0,0
2410256,5,0
3531902,46,0
1716208,0,0
2921104,30,0
2930204,2,0
2313005,17,1
5207907,0,0
2100402,2,1
2111805,0,0
3102209,6,0
3107307,0,0
3121308,0,0
3167905,0,0
5106505,30,1
1508035,68,2
2503704,106,2
2507804,4,0
2414803,25,0
1100155,13,2
3512209,6,0
3532868,3,0
1707553,1,1
2702306,172,3
1301506,0,0
2905156,0,0
2105401,46,0
3125101,58,0
3168507,0,0
5108907,2,0
2616183,3,0
2207959,0,0
4100905,1,0
4106571,0,0
4128609,2,0
2400208,58,0
2408508,1,0
4321600,8,0
4212007,0,0
3508405,73,3
3517703,4,0
3531407,10,0
3162252,2,0
2700805,5,0
2703809,27,1
2908408,11,0
2911659,0,0
2911808,13,0
3200607,220,5
5203807,2,0
5208509,0,0
2102101,8,1
2111706,0,0
3136702,304,3
3140605,0,0
3155603,2,0
5106224,112,1
1500602,367,16
4113734,2,0
3302106,12,0
2405801,34,0
2413805,0,0
4316451,4,0
4317608,6,0
2801207,6,0
3502309,0,0
3509957,0,0
3520103,18,1
5106851,1,0
2702207,28,0
2703700,3,0
2902252,0,0
2907608,0,0
2915106,0,0
2917003,0,0
3203601,3,0
2105989,0,0
3105608,6,0
3116605,15,0
3117306,16,0
3119302,0,0
3152600,0,0
3169604,0,0
5103403,745,37
2616001,8,0
4110409,2,0
4115754,1,0
4205902,7,0
2806206,7,1
3525003,31,7
3543907,184,8
5104500,2,0
1301803,0,0
2904605,36,0
2906873,4,0
2928109,0,0
2300309,51,3
3200359,5,0
5209952,1,0
5212501,233,1
3124609,0,0
3133709,5,0
3140506,4,0
3160603,0,0
1501204,33,1
2515708,2,0
2608305,5,1
2611606,1277,131
4104303,25,0
3301801,18,0
1400308,-2,0
4308052,0,0
4218855,0,0
4219606,12,0
3526001,2,0
3552502,134,7
3146701,3,0
2708105,12,0
2912509,0,0
2301950,27,2
2306405,145,6
2310704,69,2
5107792,5,0
2514909,4,0
2202174,7,1
2208908,18,1
4110953,15,0
4119152,67,2
4126207,3,0
2407005,4,1
2411809,2,1
4305934,0,0
4318002,14,0
3511706,9,0
3523206,2,0
3534708,126,0
3554607,0,0
1304062,75,3
3202405,193,9
3115409,0,0
3138658,0,1
3154200,2,0
3167202,11,1
3100708,0,0
5103858,6,0
5105580,20,0
5108956,0,0
1502756,141,0
1503606,832,23
1507508,4,0
2516755,4,0
2203354,1,0
2206407,12,0
2208106,52,0
4101705,4,0
4301909,2,0
4308904,4,0
4215687,3,0
4218103,0,0
3504602,15,0
3524105,3,0
1718899,0,0
4305124,0,0
2211704,2,0
4111555,1,0
2709202,22,0
1303205,17,0
2904803,22,0
2916203,6,0
2932309,10,0
2307304,544,26
2313906,108,1
2112704,76,1
3122355,0,0
3164803,-2,0
5108303,0,0
1504604,60,1
2600302,32,3
2201960,13,0
4113007,5,0
4113205,12,0
2408706,4,0
4304713,6,0
4307906,39,0
4308250,0,0
4321626,1,0
4321832,0,0
3513801,516,20
1718758,0,0
2706901,124,4
2708204,13,0
1600212,66,0
2917300,4,0
3113701,1,0
3126000,4,0
3154705,0,0
2510204,1,0
2608503,13,1
2615409,11,0
2204907,7,0
4307401,1,1
4318705,156,3
4201703,2,0
4211900,89,0
4212601,2,0
4217907,1,0
3510708,3,0
3514957,2,0
3516200,55,2
3522505,95,16
3526605,2,0
3553658,1,0
4304655,1,0
3545704,4,0
1301704,167,2
2912301,5,0
2922706,2,0
2304103,191,6
2309607,121,6
5215009,1,0
5218102,5,0
5220504,0,0
2101103,0,0
2102903,78,1
2103000,307,1
2104628,-1,0
2106409,11,0
2107407,76,0
2109759,8,0
3110202,3,0
3111002,0,0
3157252,8,0
5106257,0,1
1504976,20,0
2504504,4,0
2505352,0,0
2600104,20,1
2200509,1,0
4101002,0,0
4106001,3,1
4122206,12,0
2401404,2,0
4306908,6,0
4208708,1,0
4219101,0,0
2805208,2,1
3538907,14,1
5220157,1,0
4311429,3,0
1300086,26,0
1300680,14,0
1303569,-69,1
2903003,0,0
2918803,2,0
2921807,3,0
2306900,25,2
3201001,13,1
5201306,9,0
2100550,0,0
2112456,29,0
3132909,0,0
3151909,23,0
3171006,51,0
1501105,28,2
2501534,21,0
2606507,0,0
4101903,8,2
4120507,0,0
2409308,0,0
2413300,1,0
4314001,3,0
4314498,0,0
4316956,5,0
4209177,0,0
2800670,19,3
3507605,76,1
3516804,4,3
3548401,0,0
1717503,1,0
2916302,27,0
2926301,6,0
2304202,124,2
2312700,11,1
5221700,12,0
2109007,55,1
2109908,348,6
3119203,0,0
5101308,4,0
5102603,1,0
5106802,4,0
2513356,0,0
2211506,0,0
4105003,10,0
4121901,7,0
4128005,1,0
4206207,2,0
2801900,1,0
3502101,6,-1
3510203,13,3
3523909,103,6
3555901,0,0
1720903,-1,0
2517407,1,0
1303403,292,6
2925253,6,0
2930766,0,0
2933059,0,0
2108801,10,0
3118304,21,0
3130804,1,0
5000203,1,0
2501302,10,0
2503555,4,1
2607109,4,0
4118709,4,0
3301504,-20,0
2403202,6,0
4312302,0,0
4320859,2,0
3507803,17,0
3510906,0,0
3535408,0,0
3548203,0,0
1720804,25,0
3555208,1,1
3530003,1,0
2701902,1,0
2913606,186,2
2928406,0,0
2311306,334,12
3122470,0,0
3129301,4,0
3139250,0,0
5107768,3,0
2511608,6,0
2500106,3,0
2606705,3,0
2608453,8,0
2615201,1,0
2205508,37,1
4103503,1,0
4118006,0,0
4128559,20,0
2412500,3,0
4302501,1,0
4305108,282,4
4306973,1,0
4316709,2,0
4201000,0,0
4216909,15,1
3517505,7,0
3525300,47,1
3537156,0,0
3546256,0,0
3554201,3,0
3556800,3,0
1705508,38,1
2700904,3,0
2701704,61,0
2707503,23,0
2901304,0,0
2914703,51,1
2919926,23,0
2308609,28,0
2102507,0,0
3140308,0,0
3150703,6,0
5107065,33,2
1507151,26,0
1507474,19,3
2505238,8,0
2608602,2,0
2209906,1,0
4113908,2,0
2405207,0,0
4302352,10,0
4304689,0,0
4312005,5,0
4321667,13,1
4202131,0,0
2805406,7,2
2302057,120,2
2303600,11,0
2307601,109,2
5207253,0,0
5220603,10,0
2105450,18,0
2107704,14,1
3142007,0,0
3154457,0,0
2501005,21,2
2608057,0,0
2611309,37,0
4102406,3,0
4107736,1,0
4315305,0,0
4203105,5,0
4207650,5,0
4207684,58,2
2805307,9,0
3514924,-1,0
3518404,16,0
3553203,0,0
3553955,3,0
1709005,9,1
2513505,1,0
2708808,62,1
2916807,7,0
2924504,1,0
2300804,3,0
2301000,78,2
2304236,7,0
2312007,111,4
5203203,6,0
2102705,31,0
3129806,21,1
3165503,0,0
2501500,15,0
2504306,26,1
2508505,9,0
2609600,348,9
2612604,2,0
2206753,4,0
4117909,6,0
2409704,3,0
4315404,0,0
4321006,1,0
3515509,108,0
3521002,10,0
3523008,1,0
3524907,4,0
3548054,5,1
1721208,33,1
4303400,1,0
1300102,41,0
2902054,0,0
2310001,11,0
5208004,88,1
2108702,130,0
3101805,0,0
3153004,0,0
5007950,1,0
5108857,5,0
1504752,65,1
2503803,17,0
2513208,4,0
2204204,3,0
2205573,4,0
4100202,14,0
4114203,6,0
3303708,52,4
4302105,123,1
4304358,1,0
4308805,8,1
4318424,2,0
4204707,6,0
4211603,3,0
4212254,1,0
3510807,2,0
3538105,7,1
3542503,1,0
3552007,0,0
1713205,2,0
1719004,0,0
4209706,1,0
1600238,93,0
2906600,5,0
2928307,1,0
2932408,0,0
2111672,6,0
3121605,8,0
3136504,0,0
3147105,2,0
3156304,0,0
4124905,0,0
4314605,2,0
4202909,57,1
3501509,0,0
3520905,3,0
3524501,2,0
3554409,25,1
1718550,1,0
2932804,1,0
2304509,39,1
2107803,7,0
1500107,156,11
1505205,47,2
1507706,106,2
2510303,4,0
2512754,22,0
2603306,6,0
2210805,1,0
4103701,23,0
4110078,5,0
3301157,20,0
2406502,2,1
1100122,71,1
3503703,38,0
1701051,2,0
5215504,2,0
3153301,1,0
2907004,0,0
2910859,1,0
2307205,3,0
3204906,100,4
5208400,11,0
3120870,1,0
3122108,1,0
3157906,0,0
3167509,0,0
1501253,10,0
2502607,0,0
2203305,81,0
3303302,832,29
3512001,16,1
3515152,20,0
3515350,0,0
1721257,0,0
4214409,2,0
5221304,1,0
1200203,170,6
3204302,45,0
3205036,19,0
5213004,29,0
5221809,0,0
3127602,0,0
3172004,9,0
5100359,1,0
1503408,10,0
2502805,18,0
2512101,11,0
2602803,10,0
2608701,51,0
2614709,6,0
2402402,2,0
2404200,49,1
2414407,60,1
3502705,6,0
3547502,16,0
2413557,1,0
2912905,11,0
2930600,4,0
2302404,47,0
2302800,234,6
2108405,23,0
3117504,25,0
3127107,13,0
3128006,2,0
2605202,10,2
2606309,0,0
4106605,1,0
4123907,16,3
3302700,179,9
2401107,56,3
2408102,2253,79
1100130,9,0
4309050,3,0
4311791,1,0
4322004,5,0
3509205,94,6
3529203,6,0
3538204,5,0
3547205,0,0
3553807,2,0
3556404,4,0
3501400,0,0
4313086,0,0
4108957,1,0
2904001,2,0
2931053,0,0
3201407,82,1
3204054,76,1
5203609,0,0
5210802,1,0
5212303,17,0
2111201,33,11
3117900,0,0
3131406,0,0
5101258,3,0
2200053,1,0
2208205,2,0
3303104,52,0
4304952,2,0
4305603,2,0
4310009,6,0
4201802,2,0
4217154,1,0
4219176,1,0
3544400,3,0
3547908,5,1
3555406,22,2
1713809,8,0
4300661,0,0
4121109,1,0
2708006,71,2
2308302,6,0
3108602,0,0
3153202,0,0
3172202,0,0
5106315,11,0
1505064,21,3
2614006,6,0
3305505,28,2
3305000,38,0
4313375,5,0
4318051,1,0
4202438,0,0
3506300,2,0
3514205,0,1
3519055,-4,0
3523800,2,0
3544004,18,2
1702208,38,2
1710706,8,0
2701506,20,0
1301951,145,0
2900900,0,1
2905008,1,1
2917359,0,0
2924702,15,0
2926103,5,0
2305233,161,19
5205406,36,0
3139607,38,1
3152204,12,0
3158409,0,0
3165008,0,0
5002159,1,0
5108808,1,0
1502608,0,1
2512721,8,0
2203404,15,0
2208650,5,0
4109302,6,0
4119806,7,0
1400209,9,0
4320008,59,0
4206652,4,0
3506003,296,3
3517208,9,0
3518305,16,3
3520509,120,5
3529500,23,0
3530201,6,0
3543303,68,1
3547007,9,0
3556453,38,3
1718709,1,0
4102109,1,0
1200427,32,1
2906402,4,0
2915601,92,2
2921203,2,1
2926905,0,1
2308401,32,1
3202454,29,2
3114402,1,0
3115359,1,0
3151305,0,0
3162203,5,0
3170578,2,0
1500131,11,0
1508001,48,2
2511400,18,0
4118451,1,0
3302007,319,9
4312427,0,0
4204905,2,0
3509403,4,0
1703008,4,0
4126009,12,2
4313359,1,0
3158102,1,0
2210979,1,0
3156601,1,0
2703601,12,0
2904753,3,0
2905107,1,0
2922656,2,0
2100907,68,1
3104601,0,0
3121902,0,0
3129608,0,0
3169000,7,0
2500205,5,0
2515401,0,0
2603702,13,1
4103453,3,0
4106456,13,0
4121356,1,0
2413003,3,0
4309605,1,0
4322152,1,0
2803203,53,3
3524808,39,1
4315354,1,0
3100807,3,0
2209377,3,0
2911600,4,0
2913705,3,0
2304608,48,0
5209200,3,0
2109551,9,1
3111101,4,1
3122306,45,6
3131901,75,0
3158003,0,0
5104203,5,0
5105150,11,2
1506203,18,0
2509909,15,0
2512903,99,3
2613206,4,0
2202208,172,2
2203800,0,0
2209401,0,0
4127809,1,0
2405009,12,0
2415008,3,0
2414704,4,0
1100098,5,0
1100189,31,1
4315131,0,0
3507753,1,0
3515129,0,0
3518503,6,0
3534906,4,0
3544905,7,0
3545803,108,4
1701903,1,0
2706703,17,0
3204708,111,1
3133105,6,1
3148004,30,2
3170529,1,0
5008305,33,0
2509396,4,0
2514008,9,0
2613701,41,2
4121000,0,0
3302502,155,12
4312807,213,1
4321857,11,0
4203907,4,0
4205209,3,0
3513850,0,0
3519402,5,0
3529104,0,0
3531308,4,0
3556602,1,0
2920502,7,0
2300754,170,1
5218607,4,0
2104073,1,0
3149952,0,0
3166204,2,0
3169208,17,0
5002902,3,0
5002951,50,0
2500775,8,0
2510600,0,0
2203453,6,0
4127858,6,0
3300506,10,0
2404507,23,0
2408904,4,0
1100031,0,0
1400233,91,1
4301107,3,0
4303608,0,0
4322558,0,0
3509502,1635,63
3534757,5,0
3556909,9,0
