,state,ibge_code,week,epidemiological_week,total_inhabitants_state,new_week_cases,new_week_cases_per_100k_inhabitantants,latitude,longitude,region
0,AC,12.0,2020-03-21,12,894469.979591,11,1.2297785561265895,-8.77,-70.55,norte
1,AC,12.0,2020-03-28,13,894469.979591,14,1.5651727077974775,-8.77,-70.55,norte
2,AC,12.0,2020-04-04,14,894469.979591,21,2.3477590616962165,-8.77,-70.55,norte
3,AC,12.0,2020-04-11,15,894469.979591,26,2.9067493144810297,-8.77,-70.55,norte
4,AC,12.0,2020-04-18,16,894469.979591,70,7.825863538987388,-8.77,-70.55,norte
5,AC,12.0,2020-04-25,17,894469.979591,116,12.968573864607672,-8.77,-70.55,norte
6,AC,12.0,2020-05-02,18,894469.979591,295,32.980424914303995,-8.77,-70.55,norte
7,AC,12.0,2020-05-09,19,894469.979591,782,87.42607553554483,-8.77,-70.55,norte
8,AC,12.0,2020-05-16,20,894469.979591,532,59.476562896304145,-8.77,-70.55,norte
9,AC,12.0,2020-05-23,21,894469.979591,2000,223.59610111392536,-8.77,-70.55,norte
10,AC,12.0,2020-05-30,22,894469.979591,2205,246.51470147810272,-8.77,-70.55,norte
11,AC,12.0,2020-06-06,23,894469.979591,1453,162.44256745926677,-8.77,-70.55,norte
12,AC,12.0,2020-06-13,24,894469.979591,2009,224.60228356893802,-8.77,-70.55,norte
13,AC,12.0,2020-06-20,25,894469.979591,1729,193.29882941298848,-8.77,-70.55,norte
14,AC,12.0,2020-06-27,26,894469.979591,1650,184.46678341898843,-8.77,-70.55,norte
15,AC,12.0,2020-07-04,27,894469.979591,1574,175.97013157665927,-8.77,-70.55,norte
16,AC,12.0,2020-07-11,28,894469.979591,1593,178.09429453724155,-8.77,-70.55,norte
17,AC,12.0,2020-07-18,29,894469.979591,1122,125.43741272491214,-8.77,-70.55,norte
18,AC,12.0,2020-07-25,30,894469.979591,1455,162.6661635603807,-8.77,-70.55,norte
19,AC,12.0,2020-08-01,31,894469.979591,1273,142.3189183590135,-8.77,-70.55,norte
20,AL,27.0,2020-03-14,11,3351091.9836239996,1,0.02984101913306962,-9.62,-36.82,nordeste
21,AL,27.0,2020-03-21,12,3351091.9836239996,6,0.17904611479841773,-9.62,-36.82,nordeste
22,AL,27.0,2020-03-28,13,3351091.9836239996,7,0.20888713393148733,-9.62,-36.82,nordeste
23,AL,27.0,2020-04-04,14,3351091.9836239996,9,0.2685691721976266,-9.62,-36.82,nordeste
24,AL,27.0,2020-04-11,15,3351091.9836239996,25,0.7460254783267405,-9.62,-36.82,nordeste
25,AL,27.0,2020-04-18,16,3351091.9836239996,84,2.5066456071778482,-9.62,-36.82,nordeste
26,AL,27.0,2020-04-25,17,3351091.9836239996,369,11.011336060102689,-9.62,-36.82,nordeste
27,AL,27.0,2020-05-02,18,3351091.9836239996,870,25.96168664577057,-9.62,-36.82,nordeste
28,AL,27.0,2020-05-09,19,3351091.9836239996,799,23.842974287322626,-9.62,-36.82,nordeste
29,AL,27.0,2020-05-16,20,3351091.9836239996,1423,42.46377022635807,-9.62,-36.82,nordeste
30,AL,27.0,2020-05-23,21,3351091.9836239996,2037,60.786155974062815,-9.62,-36.82,nordeste
31,AL,27.0,2020-05-30,22,3351091.9836239996,3593,107.21878174511914,-9.62,-36.82,nordeste
32,AL,27.0,2020-06-06,23,3351091.9836239996,5595,166.96050204952454,-9.62,-36.82,nordeste
33,AL,27.0,2020-06-13,24,3351091.9836239996,6069,181.10514511859952,-9.62,-36.82,nordeste
34,AL,27.0,2020-06-20,25,3351091.9836239996,6811,203.24718131533717,-9.62,-36.82,nordeste
35,AL,27.0,2020-06-27,26,3351091.9836239996,5823,173.76425441186439,-9.62,-36.82,nordeste
36,AL,27.0,2020-07-04,27,3351091.9836239996,5734,171.1084037090212,-9.62,-36.82,nordeste
37,AL,27.0,2020-07-11,28,3351091.9836239996,5378,160.4850008976484,-9.62,-36.82,nordeste
38,AL,27.0,2020-07-18,29,3351091.9836239996,4950,147.7130447086946,-9.62,-36.82,nordeste
39,AL,27.0,2020-07-25,30,3351091.9836239996,5147,153.59172547790934,-9.62,-36.82,nordeste
40,AL,27.0,2020-08-01,31,3351091.9836239996,6262,186.86446181128196,-9.62,-36.82,nordeste
41,AM,13.0,2020-03-14,11,4207713.929376001,2,0.04753174844033653,-3.47,-65.1,norte
42,AM,13.0,2020-03-21,12,4207713.929376001,9,0.21389286798151438,-3.47,-65.1,norte
43,AM,13.0,2020-03-28,13,4207713.929376001,100,2.3765874220168266,-3.47,-65.1,norte
44,AM,13.0,2020-04-04,14,4207713.929376001,200,4.753174844033653,-3.47,-65.1,norte
45,AM,13.0,2020-04-11,15,4207713.929376001,738,17.53921517448418,-3.47,-65.1,norte
46,AM,13.0,2020-04-18,16,4207713.929376001,848,20.153461338702687,-3.47,-65.1,norte
47,AM,13.0,2020-04-25,17,4207713.929376001,1738,41.30508939465244,-3.47,-65.1,norte
48,AM,13.0,2020-05-02,18,4207713.929376001,2427,57.67977673234838,-3.47,-65.1,norte
49,AM,13.0,2020-05-09,19,4207713.929376001,5863,139.33932055284654,-3.47,-65.1,norte
50,AM,13.0,2020-05-16,20,4207713.929376001,7752,184.2330569547444,-3.47,-65.1,norte
51,AM,13.0,2020-05-23,21,4207713.929376001,9125,216.86360225903542,-3.47,-65.1,norte
52,AM,13.0,2020-05-30,22,4207713.929376001,11758,279.43914908073845,-3.47,-65.1,norte
53,AM,13.0,2020-06-06,23,4207713.929376001,8225,195.474315460884,-3.47,-65.1,norte
54,AM,13.0,2020-06-13,24,4207713.929376001,7241,172.0886952282384,-3.47,-65.1,norte
55,AM,13.0,2020-06-20,25,4207713.929376001,6553,155.73777376476264,-3.47,-65.1,norte
56,AM,13.0,2020-06-27,26,4207713.929376001,6443,153.12352760054412,-3.47,-65.1,norte
57,AM,13.0,2020-07-04,27,4207713.929376001,6480,154.00286494669035,-3.47,-65.1,norte
58,AM,13.0,2020-07-11,28,4207713.929376001,7728,183.66267597346035,-3.47,-65.1,norte
59,AM,13.0,2020-07-18,29,4207713.929376001,7304,173.585945304109,-3.47,-65.1,norte
60,AM,13.0,2020-07-25,30,4207713.929376001,5560,132.13826066413554,-3.47,-65.1,norte
61,AM,13.0,2020-08-01,31,4207713.929376001,5683,135.06146319321624,-3.47,-65.1,norte
62,AP,16.0,2020-03-21,12,861772.9898069999,1,0.11603984016996831,1.41,-51.77,norte
63,AP,16.0,2020-03-28,13,861772.9898069999,3,0.3481195205099049,1.41,-51.77,norte
64,AP,16.0,2020-04-04,14,861772.9898069999,25,2.900996004249208,1.41,-51.77,norte
65,AP,16.0,2020-04-11,15,861772.9898069999,164,19.030533787874802,1.41,-51.77,norte
66,AP,16.0,2020-04-18,16,861772.9898069999,207,24.02024691518344,1.41,-51.77,norte
67,AP,16.0,2020-04-25,17,861772.9898069999,289,33.53551380912084,1.41,-51.77,norte
68,AP,16.0,2020-05-02,18,861772.9898069999,498,57.78784040464422,1.41,-51.77,norte
69,AP,16.0,2020-05-09,19,861772.9898069999,1306,151.54803126197862,1.41,-51.77,norte
70,AP,16.0,2020-05-16,20,861772.9898069999,1341,155.6094256679275,1.41,-51.77,norte
71,AP,16.0,2020-05-23,21,861772.9898069999,1821,211.3085489495123,1.41,-51.77,norte
72,AP,16.0,2020-05-30,22,861772.9898069999,3658,424.4737353417441,1.41,-51.77,norte
73,AP,16.0,2020-06-06,23,861772.9898069999,3460,401.4978469880904,1.41,-51.77,norte
74,AP,16.0,2020-06-13,24,861772.9898069999,3549,411.8253927632175,1.41,-51.77,norte
75,AP,16.0,2020-06-20,25,861772.9898069999,5252,609.4412405726736,1.41,-51.77,norte
76,AP,16.0,2020-06-27,26,861772.9898069999,6327,734.1840687553895,1.41,-51.77,norte
77,AP,16.0,2020-07-04,27,861772.9898069999,1908,221.40401504429954,1.41,-51.77,norte
78,AP,16.0,2020-07-11,28,861772.9898069999,1470,170.5785650498534,1.41,-51.77,norte
79,AP,16.0,2020-07-18,29,861772.9898069999,2306,267.58787143194695,1.41,-51.77,norte
80,AP,16.0,2020-07-25,30,861772.9898069999,1577,182.99482794804,1.41,-51.77,norte
81,AP,16.0,2020-08-01,31,861772.9898069999,1433,166.28509096356458,1.41,-51.77,norte
82,BA,29.0,2020-03-07,10,14930424.147871993,2,0.013395466734178857,-13.29,-41.71,nordeste
83,BA,29.0,2020-03-14,11,14930424.147871993,5,0.03348866683544714,-13.29,-41.71,nordeste
84,BA,29.0,2020-03-21,12,14930424.147871993,34,0.22772293448104058,-13.29,-41.71,nordeste
85,BA,29.0,2020-03-28,13,14930424.147871993,86,0.5760050695696909,-13.29,-41.71,nordeste
86,BA,29.0,2020-04-04,14,14930424.147871993,209,1.3998262737216907,-13.29,-41.71,nordeste
87,BA,29.0,2020-04-11,15,14930424.147871993,304,2.0361109435951863,-13.29,-41.71,nordeste
88,BA,29.0,2020-04-18,16,14930424.147871993,560,3.75073068557008,-13.29,-41.71,nordeste
89,BA,29.0,2020-04-25,17,14930424.147871993,916,6.135123764253916,-13.29,-41.71,nordeste
90,BA,29.0,2020-05-02,18,14930424.147871993,1199,8.030582307140225,-13.29,-41.71,nordeste
91,BA,29.0,2020-05-09,19,14930424.147871993,1859,12.451086329419248,-13.29,-41.71,nordeste
92,BA,29.0,2020-05-16,20,14930424.147871993,3140,21.030882772660807,-13.29,-41.71,nordeste
93,BA,29.0,2020-05-23,21,14930424.147871993,4686,31.385578558181063,-13.29,-41.71,nordeste
94,BA,29.0,2020-05-30,22,14930424.147871993,4626,30.983714556155697,-13.29,-41.71,nordeste
95,BA,29.0,2020-06-06,23,14930424.147871993,9770,65.43685499646372,-13.29,-41.71,nordeste
96,BA,29.0,2020-06-13,24,14930424.147871993,8392,56.20737841661448,-13.29,-41.71,nordeste
97,BA,29.0,2020-06-20,25,14930424.147871993,9516,63.735630721223,-13.29,-41.71,nordeste
98,BA,29.0,2020-06-27,26,14930424.147871993,19940,133.55280333976322,-13.29,-41.71,nordeste
99,BA,29.0,2020-07-04,27,14930424.147871993,20241,135.56882108325712,-13.29,-41.71,nordeste
100,BA,29.0,2020-07-11,28,14930424.147871993,18703,125.26770716467358,-13.29,-41.71,nordeste
101,BA,29.0,2020-07-18,29,14930424.147871993,16050,107.49862054178533,-13.29,-41.71,nordeste
102,BA,29.0,2020-07-25,30,14930424.147871993,26161,175.21940261642655,-13.29,-41.71,nordeste
103,BA,29.0,2020-08-01,31,14930424.147871993,22527,150.87983956042356,-13.29,-41.71,nordeste
104,CE,23.0,2020-03-21,12,9187885.951516999,84,0.9142473082845666,-5.2,-39.53,nordeste
105,CE,23.0,2020-03-28,13,9187885.951516999,238,2.5903673734729384,-5.2,-39.53,nordeste
106,CE,23.0,2020-04-04,14,9187885.951516999,423,4.603888231004425,-5.2,-39.53,nordeste
107,CE,23.0,2020-04-11,15,9187885.951516999,923,10.045836494603035,-5.2,-39.53,nordeste
108,CE,23.0,2020-04-18,16,9187885.951516999,1394,15.172151758912927,-5.2,-39.53,nordeste
109,CE,23.0,2020-04-25,17,9187885.951516999,2605,28.352550453348762,-5.2,-39.53,nordeste
110,CE,23.0,2020-05-02,18,9187885.951516999,2642,28.75525462485506,-5.2,-39.53,nordeste
111,CE,23.0,2020-05-09,19,9187885.951516999,7570,82.39109671088296,-5.2,-39.53,nordeste
112,CE,23.0,2020-05-16,20,9187885.951516999,7916,86.1569249092932,-5.2,-39.53,nordeste
113,CE,23.0,2020-05-23,21,9187885.951516999,11327,123.28189596356292,-5.2,-39.53,nordeste
114,CE,23.0,2020-05-30,22,9187885.951516999,12700,138.22548589540472,-5.2,-39.53,nordeste
115,CE,23.0,2020-06-06,23,9187885.951516999,15753,171.4540219929378,-5.2,-39.53,nordeste
116,CE,23.0,2020-06-13,24,9187885.951516999,12854,139.9016059605931,-5.2,-39.53,nordeste
117,CE,23.0,2020-06-20,25,9187885.951516999,15968,173.79405974628523,-5.2,-39.53,nordeste
118,CE,23.0,2020-06-27,26,9187885.951516999,14667,159.63411036440164,-5.2,-39.53,nordeste
119,CE,23.0,2020-07-04,27,9187885.951516999,14400,156.72810999164,-5.2,-39.53,nordeste
120,CE,23.0,2020-07-11,28,9187885.951516999,14537,158.219203815866,-5.2,-39.53,nordeste
121,CE,23.0,2020-07-18,29,9187885.951516999,10971,119.40722879988071,-5.2,-39.53,nordeste
122,CE,23.0,2020-07-25,30,9187885.951516999,14872,161.86530915247707,-5.2,-39.53,nordeste
123,CE,23.0,2020-08-01,31,9187885.951516999,14527,158.11036485059404,-5.2,-39.53,nordeste
124,DF,53.0,2020-03-07,10,3052546.0,1,0.03275953908638887,-15.83,-47.86,centro-oeste
125,DF,53.0,2020-03-14,11,3052546.0,7,0.22931677360472208,-15.83,-47.86,centro-oeste
126,DF,53.0,2020-03-21,12,3052546.0,100,3.275953908638887,-15.83,-47.86,centro-oeste
127,DF,53.0,2020-03-28,13,3052546.0,152,4.979449941131108,-15.83,-47.86,centro-oeste
128,DF,53.0,2020-04-04,14,3052546.0,196,6.420869660932219,-15.83,-47.86,centro-oeste
129,DF,53.0,2020-04-11,15,3052546.0,136,4.455297315748886,-15.83,-47.86,centro-oeste
130,DF,53.0,2020-04-18,16,3052546.0,204,6.68294597362333,-15.83,-47.86,centro-oeste
131,DF,53.0,2020-04-25,17,3052546.0,224,7.3381367553511065,-15.83,-47.86,centro-oeste
132,DF,53.0,2020-05-02,18,3052546.0,585,19.164330365537488,-15.83,-47.86,centro-oeste
133,DF,53.0,2020-05-09,19,3052546.0,971,31.80951245288359,-15.83,-47.86,centro-oeste
134,DF,53.0,2020-05-16,20,3052546.0,1564,51.23591913111219,-15.83,-47.86,centro-oeste
135,DF,53.0,2020-05-23,21,3052546.0,2108,69.05710839410774,-15.83,-47.86,centro-oeste
136,DF,53.0,2020-05-30,22,3052546.0,3226,105.6822730926905,-15.83,-47.86,centro-oeste
137,DF,53.0,2020-06-06,23,3052546.0,6376,208.87482121481543,-15.83,-47.86,centro-oeste
138,DF,53.0,2020-06-13,24,3052546.0,6109,200.12802427874962,-15.83,-47.86,centro-oeste
139,DF,53.0,2020-06-20,25,3052546.0,10279,336.7353022689912,-15.83,-47.86,centro-oeste
140,DF,53.0,2020-06-27,26,3052546.0,10528,344.892427501502,-15.83,-47.86,centro-oeste
141,DF,53.0,2020-07-04,27,3052546.0,12994,425.67745088853695,-15.83,-47.86,centro-oeste
142,DF,53.0,2020-07-11,28,3052546.0,12646,414.27713128647366,-15.83,-47.86,centro-oeste
143,DF,53.0,2020-07-18,29,3052546.0,12757,417.91344012506283,-15.83,-47.86,centro-oeste
144,DF,53.0,2020-07-25,30,3052546.0,13024,426.66023706112867,-15.83,-47.86,centro-oeste
145,DF,53.0,2020-08-01,31,3052546.0,13735,449.95226935155114,-15.83,-47.86,centro-oeste
146,ES,32.0,2020-03-07,10,4064051.946454,1,0.02460598469644386,-19.19,-40.34,sudeste
147,ES,32.0,2020-03-14,11,4064051.946454,3,0.07381795408933157,-19.19,-40.34,sudeste
148,ES,32.0,2020-03-21,12,4064051.946454,22,0.5413316633217649,-19.19,-40.34,sudeste
149,ES,32.0,2020-03-28,13,4064051.946454,35,0.861209464375535,-19.19,-40.34,sudeste
150,ES,32.0,2020-04-04,14,4064051.946454,105,2.583628393126605,-19.19,-40.34,sudeste
151,ES,32.0,2020-04-11,15,4064051.946454,217,5.339498679128317,-19.19,-40.34,sudeste
152,ES,32.0,2020-04-18,16,4064051.946454,716,17.617885042653803,-19.19,-40.34,sudeste
153,ES,32.0,2020-04-25,17,4064051.946454,612,15.05886263422364,-19.19,-40.34,sudeste
154,ES,32.0,2020-05-02,18,4064051.946454,1393,34.276136682146294,-19.19,-40.34,sudeste
155,ES,32.0,2020-05-09,19,4064051.946454,1308,32.18462798294856,-19.19,-40.34,sudeste
156,ES,32.0,2020-05-16,20,4064051.946454,2183,53.714864592336944,-19.19,-40.34,sudeste
157,ES,32.0,2020-05-23,21,4064051.946454,3323,81.76568714628294,-19.19,-40.34,sudeste
158,ES,32.0,2020-05-30,22,4064051.946454,3519,86.58846014678593,-19.19,-40.34,sudeste
159,ES,32.0,2020-06-06,23,4064051.946454,5513,135.65279363149497,-19.19,-40.34,sudeste
160,ES,32.0,2020-06-13,24,4064051.946454,7061,173.74285794159007,-19.19,-40.34,sudeste
161,ES,32.0,2020-06-20,25,4064051.946454,8227,202.4334360976436,-19.19,-40.34,sudeste
162,ES,32.0,2020-06-27,26,4064051.946454,7414,182.42877053943477,-19.19,-40.34,sudeste
163,ES,32.0,2020-07-04,27,4064051.946454,11172,274.8980610286708,-19.19,-40.34,sudeste
164,ES,32.0,2020-07-11,28,4064051.946454,9569,235.45466756027128,-19.19,-40.34,sudeste
165,ES,32.0,2020-07-18,29,4064051.946454,7738,190.40110958108258,-19.19,-40.34,sudeste
166,ES,32.0,2020-07-25,30,4064051.946454,6467,159.12690303190243,-19.19,-40.34,sudeste
167,ES,32.0,2020-08-01,31,4064051.946454,7216,177.55678556953887,-19.19,-40.34,sudeste
168,GO,52.0,2020-03-14,11,7116142.984223997,4,0.05621022524235006,-15.98,-49.86,centro-oeste
169,GO,52.0,2020-03-21,12,7116142.984223997,15,0.21078834465881272,-15.98,-49.86,centro-oeste
170,GO,52.0,2020-03-28,13,7116142.984223997,37,0.519944583491738,-15.98,-49.86,centro-oeste
171,GO,52.0,2020-04-04,14,7116142.984223997,47,0.6604701465976132,-15.98,-49.86,centro-oeste
172,GO,52.0,2020-04-11,15,7116142.984223997,106,1.4895709689222765,-15.98,-49.86,centro-oeste
173,GO,52.0,2020-04-18,16,7116142.984223997,169,2.37488201648929,-15.98,-49.86,centro-oeste
174,GO,52.0,2020-04-25,17,7116142.984223997,128,1.798727207755202,-15.98,-49.86,centro-oeste
175,GO,52.0,2020-05-02,18,7116142.984223997,319,4.482765463077417,-15.98,-49.86,centro-oeste
176,GO,52.0,2020-05-09,19,7116142.984223997,244,3.4288237397833536,-15.98,-49.86,centro-oeste
177,GO,52.0,2020-05-16,20,7116142.984223997,583,8.192640329072521,-15.98,-49.86,centro-oeste
178,GO,52.0,2020-05-23,21,7116142.984223997,783,11.003151591190024,-15.98,-49.86,centro-oeste
179,GO,52.0,2020-05-30,22,7116142.984223997,1174,16.49770110862974,-15.98,-49.86,centro-oeste
180,GO,52.0,2020-06-06,23,7116142.984223997,2161,30.36757418717962,-15.98,-49.86,centro-oeste
181,GO,52.0,2020-06-13,24,7116142.984223997,2171,30.508099750285496,-15.98,-49.86,centro-oeste
182,GO,52.0,2020-06-20,25,7116142.984223997,7509,105.52064533620165,-15.98,-49.86,centro-oeste
183,GO,52.0,2020-06-27,26,7116142.984223997,6415,90.14714873241891,-15.98,-49.86,centro-oeste
184,GO,52.0,2020-07-04,27,7116142.984223997,6661,93.60407758482343,-15.98,-49.86,centro-oeste
185,GO,52.0,2020-07-11,28,7116142.984223997,7747,108.86515373812148,-15.98,-49.86,centro-oeste
186,GO,52.0,2020-07-18,29,7116142.984223997,4495,63.166240616090874,-15.98,-49.86,centro-oeste
187,GO,52.0,2020-07-25,30,7116142.984223997,14799,207.96378084038463,-15.98,-49.86,centro-oeste
188,GO,52.0,2020-08-01,31,7116142.984223997,14253,200.29108509480383,-15.98,-49.86,centro-oeste
189,MA,21.0,2020-03-21,12,7114598.005334999,2,0.028111215819927798,-5.42,-45.44,nordeste
190,MA,21.0,2020-03-28,13,7114598.005334999,13,0.1827229028295307,-5.42,-45.44,nordeste
191,MA,21.0,2020-04-04,14,7114598.005334999,80,1.124448632797112,-5.42,-45.44,nordeste
192,MA,21.0,2020-04-11,15,7114598.005334999,303,4.258849196719061,-5.42,-45.44,nordeste
193,MA,21.0,2020-04-18,16,7114598.005334999,807,11.342875583340867,-5.42,-45.44,nordeste
194,MA,21.0,2020-04-25,17,7114598.005334999,1018,14.30860885234325,-5.42,-45.44,nordeste
195,MA,21.0,2020-05-02,18,7114598.005334999,1817,25.539039572404405,-5.42,-45.44,nordeste
196,MA,21.0,2020-05-09,19,7114598.005334999,3559,50.02390855156152,-5.42,-45.44,nordeste
197,MA,21.0,2020-05-16,20,7114598.005334999,4893,68.77408950345335,-5.42,-45.44,nordeste
198,MA,21.0,2020-05-23,21,7114598.005334999,8699,122.26973320877596,-5.42,-45.44,nordeste
199,MA,21.0,2020-05-30,22,7114598.005334999,13448,189.01981517319453,-5.42,-45.44,nordeste
200,MA,21.0,2020-06-06,23,7114598.005334999,12954,182.07634486567235,-5.42,-45.44,nordeste
201,MA,21.0,2020-06-13,24,7114598.005334999,11266,158.3504787136533,-5.42,-45.44,nordeste
202,MA,21.0,2020-06-20,25,7114598.005334999,10814,151.99734393834962,-5.42,-45.44,nordeste
203,MA,21.0,2020-06-27,26,7114598.005334999,8442,118.65744197591523,-5.42,-45.44,nordeste
204,MA,21.0,2020-07-04,27,7114598.005334999,10942,153.796461750825,-5.42,-45.44,nordeste
205,MA,21.0,2020-07-11,28,7114598.005334999,9341,131.2934334869728,-5.42,-45.44,nordeste
206,MA,21.0,2020-07-18,29,7114598.005334999,7694,108.14384725926224,-5.42,-45.44,nordeste
207,MA,21.0,2020-07-25,30,7114598.005334999,7471,105.00944669534029,-5.42,-45.44,nordeste
208,MA,21.0,2020-08-01,31,7114598.005334999,8018,112.69786422209054,-5.42,-45.44,nordeste
209,MG,31.0,2020-03-14,11,21292665.89464001,4,0.01878581113230597,-18.1,-44.38,sudeste
210,MG,31.0,2020-03-21,12,21292665.89464001,51,0.23951909193690116,-18.1,-44.38,sudeste
211,MG,31.0,2020-03-28,13,21292665.89464001,150,0.704467917461474,-18.1,-44.38,sudeste
212,MG,31.0,2020-04-04,14,21292665.89464001,225,1.056701876192211,-18.1,-44.38,sudeste
213,MG,31.0,2020-04-11,15,21292665.89464001,320,1.5028648905844777,-18.1,-44.38,sudeste
214,MG,31.0,2020-04-18,16,21292665.89464001,327,1.5357400600660132,-18.1,-44.38,sudeste
215,MG,31.0,2020-04-25,17,21292665.89464001,404,1.8973669243629032,-18.1,-44.38,sudeste
216,MG,31.0,2020-05-02,18,21292665.89464001,542,2.5454774084274594,-18.1,-44.38,sudeste
217,MG,31.0,2020-05-09,19,21292665.89464001,1100,5.166098061384142,-18.1,-44.38,sudeste
218,MG,31.0,2020-05-16,20,21292665.89464001,1351,6.344907709936342,-18.1,-44.38,sudeste
219,MG,31.0,2020-05-23,21,21292665.89464001,1864,8.754187987654584,-18.1,-44.38,sudeste
220,MG,31.0,2020-05-30,22,21292665.89464001,3292,15.460722561887815,-18.1,-44.38,sudeste
221,MG,31.0,2020-06-06,23,21292665.89464001,5309,24.9334678253531,-18.1,-44.38,sudeste
222,MG,31.0,2020-06-13,24,21292665.89464001,5675,26.652369543959097,-18.1,-44.38,sudeste
223,MG,31.0,2020-06-20,25,21292665.89464001,6691,31.423965571564814,-18.1,-44.38,sudeste
224,MG,31.0,2020-06-27,26,21292665.89464001,13661,64.15824146960797,-18.1,-44.38,sudeste
225,MG,31.0,2020-07-04,27,21292665.89464001,14992,70.40922012388279,-18.1,-44.38,sudeste
226,MG,31.0,2020-07-11,28,21292665.89464001,17855,83.85516444183078,-18.1,-44.38,sudeste
227,MG,31.0,2020-07-18,29,21292665.89464001,17062,80.13087738485112,-18.1,-44.38,sudeste
228,MG,31.0,2020-07-25,30,21292665.89464001,19218,90.25642958516404,-18.1,-44.38,sudeste
229,MG,31.0,2020-08-01,31,21292665.89464001,19892,93.4218387609576,-18.1,-44.38,sudeste
230,MS,50.0,2020-03-14,11,2809394.0133279995,2,0.07118972954707788,-20.51,-54.54,centro-oeste
231,MS,50.0,2020-03-21,12,2809394.0133279995,14,0.49832810682954515,-20.51,-54.54,centro-oeste
232,MS,50.0,2020-03-28,13,2809394.0133279995,15,0.5339229716030841,-20.51,-54.54,centro-oeste
233,MS,50.0,2020-04-04,14,2809394.0133279995,31,1.1034408079797071,-20.51,-54.54,centro-oeste
234,MS,50.0,2020-04-11,15,2809394.0133279995,38,1.3526048613944797,-20.51,-54.54,centro-oeste
235,MS,50.0,2020-04-18,16,2809394.0133279995,61,2.1712867511858756,-20.51,-54.54,centro-oeste
236,MS,50.0,2020-04-25,17,2809394.0133279995,56,1.9933124273181806,-20.51,-54.54,centro-oeste
237,MS,50.0,2020-05-02,18,2809394.0133279995,49,1.744148373903408,-20.51,-54.54,centro-oeste
238,MS,50.0,2020-05-09,19,2809394.0133279995,80,2.8475891818831154,-20.51,-54.54,centro-oeste
239,MS,50.0,2020-05-16,20,2809394.0133279995,162,5.766368093313308,-20.51,-54.54,centro-oeste
240,MS,50.0,2020-05-23,21,2809394.0133279995,350,12.458202670738629,-20.51,-54.54,centro-oeste
241,MS,50.0,2020-05-30,22,2809394.0133279995,631,22.46035967210307,-20.51,-54.54,centro-oeste
242,MS,50.0,2020-06-06,23,2809394.0133279995,764,27.19447668698375,-20.51,-54.54,centro-oeste
243,MS,50.0,2020-06-13,24,2809394.0133279995,1180,42.00194043277595,-20.51,-54.54,centro-oeste
244,MS,50.0,2020-06-20,25,2809394.0133279995,1804,64.21313605146425,-20.51,-54.54,centro-oeste
245,MS,50.0,2020-06-27,26,2809394.0133279995,2290,81.51224033140417,-20.51,-54.54,centro-oeste
246,MS,50.0,2020-07-04,27,2809394.0133279995,2562,91.19404354980676,-20.51,-54.54,centro-oeste
247,MS,50.0,2020-07-11,28,2809394.0133279995,3108,110.62883971615904,-20.51,-54.54,centro-oeste
248,MS,50.0,2020-07-18,29,2809394.0133279995,3206,114.11713646396585,-20.51,-54.54,centro-oeste
249,MS,50.0,2020-07-25,30,2809394.0133279995,5111,181.92535385755752,-20.51,-54.54,centro-oeste
250,MS,50.0,2020-08-01,31,2809394.0133279995,4489,159.78534796841632,-20.51,-54.54,centro-oeste
251,MT,51.0,2020-03-21,12,3526220.0010528998,1,0.02835897929514915,-12.64,-55.42,centro-oeste
252,MT,51.0,2020-03-28,13,3526220.0010528998,10,0.2835897929514915,-12.64,-55.42,centro-oeste
253,MT,51.0,2020-04-04,14,3526220.0010528998,49,1.3895899854623084,-12.64,-55.42,centro-oeste
254,MT,51.0,2020-04-11,15,3526220.0010528998,61,1.7298977370040982,-12.64,-55.42,centro-oeste
255,MT,51.0,2020-04-18,16,3526220.0010528998,50,1.4179489647574575,-12.64,-55.42,centro-oeste
256,MT,51.0,2020-04-25,17,3526220.0010528998,75,2.1269234471361864,-12.64,-55.42,centro-oeste
257,MT,51.0,2020-05-02,18,3526220.0010528998,87,2.4672311986779762,-12.64,-55.42,centro-oeste
258,MT,51.0,2020-05-09,19,3526220.0010528998,169,4.792667500880206,-12.64,-55.42,centro-oeste
259,MT,51.0,2020-05-16,20,3526220.0010528998,355,10.067437649777949,-12.64,-55.42,centro-oeste
260,MT,51.0,2020-05-23,21,3526220.0010528998,506,14.34964352334547,-12.64,-55.42,centro-oeste
261,MT,51.0,2020-05-30,22,3526220.0010528998,1050,29.776928259906608,-12.64,-55.42,centro-oeste
262,MT,51.0,2020-06-06,23,3526220.0010528998,1375,38.99359653083008,-12.64,-55.42,centro-oeste
263,MT,51.0,2020-06-13,24,3526220.0010528998,1951,55.328368604835994,-12.64,-55.42,centro-oeste
264,MT,51.0,2020-06-20,25,3526220.0010528998,3523,99.90868405681046,-12.64,-55.42,centro-oeste
265,MT,51.0,2020-06-27,26,3526220.0010528998,4866,137.99479325019576,-12.64,-55.42,centro-oeste
266,MT,51.0,2020-07-04,27,3526220.0010528998,6205,175.96746652640047,-12.64,-55.42,centro-oeste
267,MT,51.0,2020-07-11,28,3526220.0010528998,8193,232.345117365157,-12.64,-55.42,centro-oeste
268,MT,51.0,2020-07-18,29,3526220.0010528998,4240,120.2420722114324,-12.64,-55.42,centro-oeste
269,MT,51.0,2020-07-25,30,3526220.0010528998,10487,297.4006158682291,-12.64,-55.42,centro-oeste
270,MT,51.0,2020-08-01,31,3526220.0010528998,9898,280.6971770633863,-12.64,-55.42,centro-oeste
271,PA,15.0,2020-03-21,12,8690745.059789997,2,0.023012986645454862,-3.79,-52.48,norte
272,PA,15.0,2020-03-28,13,8690745.059789997,16,0.1841038931636389,-3.79,-52.48,norte
273,PA,15.0,2020-04-04,14,8690745.059789997,64,0.7364155726545556,-3.79,-52.48,norte
274,PA,15.0,2020-04-11,15,8690745.059789997,155,1.7835064650227517,-3.79,-52.48,norte
275,PA,15.0,2020-04-18,16,8690745.059789997,404,4.648623302381882,-3.79,-52.48,norte
276,PA,15.0,2020-04-25,17,8690745.059789997,1104,12.703168628291083,-3.79,-52.48,norte
277,PA,15.0,2020-05-02,18,8690745.059789997,1982,22.805869765645767,-3.79,-52.48,norte
278,PA,15.0,2020-05-09,19,8690745.059789997,3291,37.867869525095976,-3.79,-52.48,norte
279,PA,15.0,2020-05-16,20,8690745.059789997,6446,74.17085595830102,-3.79,-52.48,norte
280,PA,15.0,2020-05-23,21,8690745.059789997,10661,122.67072531359713,-3.79,-52.48,norte
281,PA,15.0,2020-05-30,22,8690745.059789997,13734,158.03017929433852,-3.79,-52.48,norte
282,PA,15.0,2020-06-06,23,8690745.059789997,16001,184.1153996569616,-3.79,-52.48,norte
283,PA,15.0,2020-06-13,24,8690745.059789997,14596,167.9487765385296,-3.79,-52.48,norte
284,PA,15.0,2020-06-20,25,8690745.059789997,16198,186.38217884153892,-3.79,-52.48,norte
285,PA,15.0,2020-06-27,26,8690745.059789997,15789,181.6760230725434,-3.79,-52.48,norte
286,PA,15.0,2020-07-04,27,8690745.059789997,13368,153.81880273822028,-3.79,-52.48,norte
287,PA,15.0,2020-07-11,28,8690745.059789997,11903,136.96179002042462,-3.79,-52.48,norte
288,PA,15.0,2020-07-18,29,8690745.059789997,11770,135.43142640850186,-3.79,-52.48,norte
289,PA,15.0,2020-07-25,30,8690745.059789997,10979,126.32979019022446,-3.79,-52.48,norte
290,PA,15.0,2020-08-01,31,8690745.059789997,7822,90.00379077037397,-3.79,-52.48,norte
291,PB,25.0,2020-03-14,11,4039277.0235509994,0,0.0,-7.28,-36.72,nordeste
292,PB,25.0,2020-03-21,12,4039277.0235509994,1,0.02475690560883795,-7.28,-36.72,nordeste
293,PB,25.0,2020-03-28,13,4039277.0235509994,13,0.32183977291489335,-7.28,-36.72,nordeste
294,PB,25.0,2020-04-04,14,4039277.0235509994,20,0.495138112176759,-7.28,-36.72,nordeste
295,PB,25.0,2020-04-11,15,4039277.0235509994,67,1.6587126757921427,-7.28,-36.72,nordeste
296,PB,25.0,2020-04-18,16,4039277.0235509994,135,3.3421822571931235,-7.28,-36.72,nordeste
297,PB,25.0,2020-04-25,17,4039277.0235509994,263,6.511066175124381,-7.28,-36.72,nordeste
298,PB,25.0,2020-05-02,18,4039277.0235509994,670,16.58712675792143,-7.28,-36.72,nordeste
299,PB,25.0,2020-05-09,19,4039277.0235509994,987,24.43506583592306,-7.28,-36.72,nordeste
300,PB,25.0,2020-05-16,20,4039277.0235509994,1907,47.21141899605397,-7.28,-36.72,nordeste
301,PB,25.0,2020-05-23,21,4039277.0235509994,3445,85.28753982244675,-7.28,-36.72,nordeste
302,PB,25.0,2020-05-30,22,4039277.0235509994,5354,132.5484726297184,-7.28,-36.72,nordeste
303,PB,25.0,2020-06-06,23,4039277.0235509994,6925,171.4415713412028,-7.28,-36.72,nordeste
304,PB,25.0,2020-06-13,24,4039277.0235509994,7667,189.81119530296058,-7.28,-36.72,nordeste
305,PB,25.0,2020-06-20,25,4039277.0235509994,9067,224.4708631553337,-7.28,-36.72,nordeste
306,PB,25.0,2020-06-27,26,4039277.0235509994,7721,191.14806820583783,-7.28,-36.72,nordeste
307,PB,25.0,2020-07-04,27,4039277.0235509994,8064,199.63968682966924,-7.28,-36.72,nordeste
308,PB,25.0,2020-07-11,28,4039277.0235509994,8115,200.90228901571996,-7.28,-36.72,nordeste
309,PB,25.0,2020-07-18,29,4039277.0235509994,6550,162.15773173788858,-7.28,-36.72,nordeste
310,PB,25.0,2020-07-25,30,4039277.0235509994,8752,216.67243788854975,-7.28,-36.72,nordeste
311,PB,25.0,2020-08-01,31,4039277.0235509994,7738,191.56893560118806,-7.28,-36.72,nordeste
312,PE,26.0,2020-03-14,11,9617071.96084,7,0.07278722701154237,-8.38,-37.86,nordeste
313,PE,26.0,2020-03-21,12,9617071.96084,26,0.2703525574714431,-8.38,-37.86,nordeste
314,PE,26.0,2020-03-28,13,9617071.96084,35,0.3639361350577119,-8.38,-37.86,nordeste
315,PE,26.0,2020-04-04,14,9617071.96084,108,1.1230029310352252,-8.38,-37.86,nordeste
316,PE,26.0,2020-04-11,15,9617071.96084,640,6.654832183912445,-8.38,-37.86,nordeste
317,PE,26.0,2020-04-18,16,9617071.96084,1377,14.318287370699121,-8.38,-37.86,nordeste
318,PE,26.0,2020-04-25,17,9617071.96084,2314,24.061377614958435,-8.38,-37.86,nordeste
319,PE,26.0,2020-05-02,18,9617071.96084,3638,37.828561695427304,-8.38,-37.86,nordeste
320,PE,26.0,2020-05-09,19,9617071.96084,4325,44.97210811784582,-8.38,-37.86,nordeste
321,PE,26.0,2020-05-16,20,9617071.96084,6018,62.576218879351714,-8.38,-37.86,nordeste
322,PE,26.0,2020-05-23,21,9617071.96084,8298,86.2840585345398,-8.38,-37.86,nordeste
323,PE,26.0,2020-05-30,22,9617071.96084,6641,69.05428208337898,-8.38,-37.86,nordeste
324,PE,26.0,2020-06-06,23,9617071.96084,5934,61.702772155213204,-8.38,-37.86,nordeste
325,PE,26.0,2020-06-13,24,9617071.96084,5310,55.21431077589857,-8.38,-37.86,nordeste
326,PE,26.0,2020-06-20,25,9617071.96084,6447,67.03703607763052,-8.38,-37.86,nordeste
327,PE,26.0,2020-06-27,26,9617071.96084,5971,62.087504640845644,-8.38,-37.86,nordeste
328,PE,26.0,2020-07-04,27,9617071.96084,6368,66.21558022992883,-8.38,-37.86,nordeste
329,PE,26.0,2020-07-11,28,9617071.96084,7913,82.28076104890496,-8.38,-37.86,nordeste
330,PE,26.0,2020-07-18,29,9617071.96084,7139,74.23257337648586,-8.38,-37.86,nordeste
331,PE,26.0,2020-07-25,30,9617071.96084,8243,85.71215889373482,-8.38,-37.86,nordeste
332,PE,26.0,2020-08-01,31,9617071.96084,9994,103.91936382190778,-8.38,-37.86,nordeste
333,PI,22.0,2020-03-21,12,3280696.9902049988,4,0.12192531074776444,-6.6,-42.28,nordeste
334,PI,22.0,2020-03-28,13,3280696.9902049988,7,0.21336929380858777,-6.6,-42.28,nordeste
335,PI,22.0,2020-04-04,14,3280696.9902049988,13,0.3962572599302344,-6.6,-42.28,nordeste
336,PI,22.0,2020-04-11,15,3280696.9902049988,20,0.6096265537388222,-6.6,-42.28,nordeste
337,PI,22.0,2020-04-18,16,3280696.9902049988,100,3.0481327686941113,-6.6,-42.28,nordeste
338,PI,22.0,2020-04-25,17,3280696.9902049988,187,5.700008277457988,-6.6,-42.28,nordeste
339,PI,22.0,2020-05-02,18,3280696.9902049988,411,12.527825679332796,-6.6,-42.28,nordeste
340,PI,22.0,2020-05-09,19,3280696.9902049988,536,16.337991640200435,-6.6,-42.28,nordeste
341,PI,22.0,2020-05-16,20,3280696.9902049988,974,29.688813167080642,-6.6,-42.28,nordeste
342,PI,22.0,2020-05-23,21,3280696.9902049988,1138,34.68775090773899,-6.6,-42.28,nordeste
343,PI,22.0,2020-05-30,22,3280696.9902049988,1541,46.971725965576255,-6.6,-42.28,nordeste
344,PI,22.0,2020-06-06,23,3280696.9902049988,2547,77.63594161863901,-6.6,-42.28,nordeste
345,PI,22.0,2020-06-13,24,3280696.9902049988,2675,81.53755156256747,-6.6,-42.28,nordeste
346,PI,22.0,2020-06-20,25,3280696.9902049988,4111,125.30873812101491,-6.6,-42.28,nordeste
347,PI,22.0,2020-06-27,26,3280696.9902049988,4894,149.17561769988978,-6.6,-42.28,nordeste
348,PI,22.0,2020-07-04,27,3280696.9902049988,6921,210.96126892131943,-6.6,-42.28,nordeste
349,PI,22.0,2020-07-11,28,3280696.9902049988,6884,209.83345979690262,-6.6,-42.28,nordeste
350,PI,22.0,2020-07-18,29,3280696.9902049988,6333,193.03824824139807,-6.6,-42.28,nordeste
351,PI,22.0,2020-07-25,30,3280696.9902049988,6748,205.6879992314786,-6.6,-42.28,nordeste
352,PI,22.0,2020-08-01,31,3280696.9902049988,6949,211.8147460965538,-6.6,-42.28,nordeste
353,PR,41.0,2020-03-14,11,11516840.031968996,6,0.05209762385641298,-24.89,-51.55,sul
354,PR,41.0,2020-03-21,12,11516840.031968996,37,0.32126868044788004,-24.89,-51.55,sul
355,PR,41.0,2020-03-28,13,11516840.031968996,94,0.8161961070838034,-24.89,-51.55,sul
356,PR,41.0,2020-04-04,14,11516840.031968996,264,2.2922954496821712,-24.89,-51.55,sul
357,PR,41.0,2020-04-11,15,11516840.031968996,287,2.492003007798421,-24.89,-51.55,sul
358,PR,41.0,2020-04-18,16,11516840.031968996,272,2.3617589481573886,-24.89,-51.55,sul
359,PR,41.0,2020-04-25,17,11516840.031968996,195,1.6931727753334218,-24.89,-51.55,sul
360,PR,41.0,2020-05-02,18,11516840.031968996,355,3.0824427448377683,-24.89,-51.55,sul
361,PR,41.0,2020-05-09,19,11516840.031968996,299,2.596198255511247,-24.89,-51.55,sul
362,PR,41.0,2020-05-16,20,11516840.031968996,463,4.0201999742532015,-24.89,-51.55,sul
363,PR,41.0,2020-05-23,21,11516840.031968996,875,7.597570145726893,-24.89,-51.55,sul
364,PR,41.0,2020-05-30,22,11516840.031968996,1391,12.07796579737841,-24.89,-51.55,sul
365,PR,41.0,2020-06-06,23,11516840.031968996,2155,18.71172990176166,-24.89,-51.55,sul
366,PR,41.0,2020-06-13,24,11516840.031968996,2660,23.096613243009756,-24.89,-51.55,sul
367,PR,41.0,2020-06-20,25,11516840.031968996,4468,38.795363898408866,-24.89,-51.55,sul
368,PR,41.0,2020-06-27,26,11516840.031968996,5998,52.080257981794176,-24.89,-51.55,sul
369,PR,41.0,2020-07-04,27,11516840.031968996,10751,93.35025901338265,-24.89,-51.55,sul
370,PR,41.0,2020-07-11,28,11516840.031968996,10227,88.80039986325593,-24.89,-51.55,sul
371,PR,41.0,2020-07-18,29,11516840.031968996,12756,110.75954831873399,-24.89,-51.55,sul
372,PR,41.0,2020-07-25,30,11516840.031968996,12040,104.54256520520205,-24.89,-51.55,sul
373,PR,41.0,2020-08-01,31,11516840.031968996,12337,107.12139758609449,-24.89,-51.55,sul
374,RJ,33.0,2020-03-07,10,17366188.860660005,2,0.011516631634305453,-22.25,-42.66,sudeste
375,RJ,33.0,2020-03-14,11,17366188.860660005,13,0.07485810562298545,-22.25,-42.66,sudeste
376,RJ,33.0,2020-03-21,12,17366188.860660005,104,0.5988648449838836,-22.25,-42.66,sudeste
377,RJ,33.0,2020-03-28,13,17366188.860660005,439,2.527900643730047,-22.25,-42.66,sudeste
378,RJ,33.0,2020-04-04,14,17366188.860660005,688,3.961721282201076,-22.25,-42.66,sudeste
379,RJ,33.0,2020-04-11,15,17366188.860660005,1361,7.837067827144861,-22.25,-42.66,sudeste
380,RJ,33.0,2020-04-18,16,17366188.860660005,1936,11.148099422007679,-22.25,-42.66,sudeste
381,RJ,33.0,2020-04-25,17,17366188.860660005,2285,13.15775164219398,-22.25,-42.66,sudeste
382,RJ,33.0,2020-05-02,18,17366188.860660005,3718,21.40941820817384,-22.25,-42.66,sudeste
383,RJ,33.0,2020-05-09,19,17366188.860660005,6383,36.75532986088586,-22.25,-42.66,sudeste
384,RJ,33.0,2020-05-16,20,17366188.860660005,4672,26.90285149773754,-22.25,-42.66,sudeste
385,RJ,33.0,2020-05-23,21,17366188.860660005,12932,74.46654014741907,-22.25,-42.66,sudeste
386,RJ,33.0,2020-05-30,22,17366188.860660005,17887,102.99899502141082,-22.25,-42.66,sudeste
387,RJ,33.0,2020-06-06,23,17366188.860660005,12113,69.75047949317099,-22.25,-42.66,sudeste
388,RJ,33.0,2020-06-13,24,17366188.860660005,14303,82.36119113273546,-22.25,-42.66,sudeste
389,RJ,33.0,2020-06-20,25,17366188.860660005,16701,96.16963246226769,-22.25,-42.66,sudeste
390,RJ,33.0,2020-06-27,26,17366188.860660005,13266,76.38981763034808,-22.25,-42.66,sudeste
391,RJ,33.0,2020-07-04,27,17366188.860660005,11625,66.94042137440044,-22.25,-42.66,sudeste
392,RJ,33.0,2020-07-11,28,17366188.860660005,9247,53.247146361211264,-22.25,-42.66,sudeste
393,RJ,33.0,2020-07-18,29,17366188.860660005,5555,31.987444364283398,-22.25,-42.66,sudeste
394,RJ,33.0,2020-07-25,30,17366188.860660005,21063,121.28740605668789,-22.25,-42.66,sudeste
395,RJ,33.0,2020-08-01,31,17366188.860660005,10920,62.88080872330778,-22.25,-42.66,sudeste
396,RN,24.0,2020-03-14,11,3534165.000913999,1,0.02829522672940799,-5.81,-36.59,nordeste
397,RN,24.0,2020-03-21,12,3534165.000913999,8,0.2263618138352639,-5.81,-36.59,nordeste
398,RN,24.0,2020-03-28,13,3534165.000913999,59,1.6694183770350715,-5.81,-36.59,nordeste
399,RN,24.0,2020-04-04,14,3534165.000913999,147,4.159398329222975,-5.81,-36.59,nordeste
400,RN,24.0,2020-04-11,15,3534165.000913999,74,2.093846777976191,-5.81,-36.59,nordeste
401,RN,24.0,2020-04-18,16,3534165.000913999,272,7.696301670398974,-5.81,-36.59,nordeste
402,RN,24.0,2020-04-25,17,3534165.000913999,264,7.46993985656371,-5.81,-36.59,nordeste
403,RN,24.0,2020-05-02,18,3534165.000913999,567,16.04339355557433,-5.81,-36.59,nordeste
404,RN,24.0,2020-05-09,19,3534165.000913999,527,14.911584486398011,-5.81,-36.59,nordeste
405,RN,24.0,2020-05-16,20,3534165.000913999,1085,30.70032100140767,-5.81,-36.59,nordeste
406,RN,24.0,2020-05-23,21,3534165.000913999,1595,45.130886633405744,-5.81,-36.59,nordeste
407,RN,24.0,2020-05-30,22,3534165.000913999,2803,79.3115205225306,-5.81,-36.59,nordeste
408,RN,24.0,2020-06-06,23,3534165.000913999,2047,57.920329115098156,-5.81,-36.59,nordeste
409,RN,24.0,2020-06-13,24,3534165.000913999,4722,133.61006061626452,-5.81,-36.59,nordeste
410,RN,24.0,2020-06-20,25,3534165.000913999,5119,144.84326562783951,-5.81,-36.59,nordeste
411,RN,24.0,2020-06-27,26,3534165.000913999,5011,141.78738114106343,-5.81,-36.59,nordeste
412,RN,24.0,2020-07-04,27,3534165.000913999,10344,292.6858252889962,-5.81,-36.59,nordeste
413,RN,24.0,2020-07-11,28,3534165.000913999,4776,135.13800285965257,-5.81,-36.59,nordeste
414,RN,24.0,2020-07-18,29,3534165.000913999,4345,122.94276013927772,-5.81,-36.59,nordeste
415,RN,24.0,2020-07-25,30,3534165.000913999,3333,94.30799068911683,-5.81,-36.59,nordeste
416,RN,24.0,2020-08-01,31,3534165.000913999,4889,138.33536348007567,-5.81,-36.59,nordeste
417,RO,11.0,2020-03-21,12,1796460.0055609997,3,0.1669950898274052,-10.83,-63.34,norte
418,RO,11.0,2020-03-28,13,1796460.0055609997,3,0.1669950898274052,-10.83,-63.34,norte
419,RO,11.0,2020-04-04,14,1796460.0055609997,5,0.278325149712342,-10.83,-63.34,norte
420,RO,11.0,2020-04-11,15,1796460.0055609997,23,1.2802956886767731,-10.83,-63.34,norte
421,RO,11.0,2020-04-18,16,1796460.0055609997,94,5.23251281459203,-10.83,-63.34,norte
422,RO,11.0,2020-04-25,17,1796460.0055609997,200,11.13300598849368,-10.83,-63.34,norte
423,RO,11.0,2020-05-02,18,1796460.0055609997,326,18.146799761244697,-10.83,-63.34,norte
424,RO,11.0,2020-05-09,19,1796460.0055609997,609,33.90000323496326,-10.83,-63.34,norte
425,RO,11.0,2020-05-16,20,1796460.0055609997,655,36.460594612316804,-10.83,-63.34,norte
426,RO,11.0,2020-05-23,21,1796460.0055609997,1191,66.29705066147987,-10.83,-63.34,norte
427,RO,11.0,2020-05-30,22,1796460.0055609997,1634,90.95665892599337,-10.83,-63.34,norte
428,RO,11.0,2020-06-06,23,1796460.0055609997,2958,164.65715856982152,-10.83,-63.34,norte
429,RO,11.0,2020-06-13,24,1796460.0055609997,3931,218.81923270384328,-10.83,-63.34,norte
430,RO,11.0,2020-06-20,25,1796460.0055609997,3320,184.8078994089951,-10.83,-63.34,norte
431,RO,11.0,2020-06-27,26,1796460.0055609997,4783,266.24583821482634,-10.83,-63.34,norte
432,RO,11.0,2020-07-04,27,1796460.0055609997,3222,179.3527264746332,-10.83,-63.34,norte
433,RO,11.0,2020-07-11,28,1796460.0055609997,3539,196.99854096639567,-10.83,-63.34,norte
434,RO,11.0,2020-07-18,29,1796460.0055609997,2621,145.8980434792097,-10.83,-63.34,norte
435,RO,11.0,2020-07-25,30,1796460.0055609997,6456,359.373433308576,-10.83,-63.34,norte
436,RO,11.0,2020-08-01,31,1796460.0055609997,3931,218.81923270384328,-10.83,-63.34,norte
437,RR,14.0,2020-03-21,12,631180.9894969999,2,0.31686632412580074,1.99,-61.33,norte
438,RR,14.0,2020-03-28,13,631180.9894969999,14,2.2180642688806054,1.99,-61.33,norte
439,RR,14.0,2020-04-04,14,631180.9894969999,26,4.11926221363541,1.99,-61.33,norte
440,RR,14.0,2020-04-11,15,631180.9894969999,37,5.862026996327314,1.99,-61.33,norte
441,RR,14.0,2020-04-18,16,631180.9894969999,143,22.655942174994752,1.99,-61.33,norte
442,RR,14.0,2020-04-25,17,631180.9894969999,179,28.359536009259166,1.99,-61.33,norte
443,RR,14.0,2020-05-02,18,631180.9894969999,118,18.695113123422242,1.99,-61.33,norte
444,RR,14.0,2020-05-09,19,631180.9894969999,683,108.20984968896096,1.99,-61.33,norte
445,RR,14.0,2020-05-16,20,631180.9894969999,504,79.85031367970178,1.99,-61.33,norte
446,RR,14.0,2020-05-23,21,631180.9894969999,733,116.13150779210598,1.99,-61.33,norte
447,RR,14.0,2020-05-30,22,631180.9894969999,1035,163.9783227351019,1.99,-61.33,norte
448,RR,14.0,2020-06-06,23,631180.9894969999,2055,325.5801480392603,1.99,-61.33,norte
449,RR,14.0,2020-06-13,24,631180.9894969999,1346,213.2510361366639,1.99,-61.33,norte
450,RR,14.0,2020-06-20,25,631180.9894969999,1245,197.24928676831095,1.99,-61.33,norte
451,RR,14.0,2020-06-27,26,631180.9894969999,6221,985.6127011933032,1.99,-61.33,norte
452,RR,14.0,2020-07-04,27,631180.9894969999,4581,725.7823154101466,1.99,-61.33,norte
453,RR,14.0,2020-07-11,28,631180.9894969999,3303,523.3047342937599,1.99,-61.33,norte
454,RR,14.0,2020-07-18,29,631180.9894969999,3242,513.640311407923,1.99,-61.33,norte
455,RR,14.0,2020-07-25,30,631180.9894969999,4362,691.0854529183714,1.99,-61.33,norte
456,RR,14.0,2020-08-01,31,631180.9894969999,3322,526.314964372955,1.99,-61.33,norte
457,RS,43.0,2020-03-14,11,11422972.96342901,4,0.03501715370250914,-30.17,-53.5,sul
458,RS,43.0,2020-03-21,12,11422972.96342901,65,0.5690287476657736,-30.17,-53.5,sul
459,RS,43.0,2020-03-28,13,11422972.96342901,131,1.1468117837571745,-30.17,-53.5,sul
460,RS,43.0,2020-04-04,14,11422972.96342901,218,1.9084348767867485,-30.17,-53.5,sul
461,RS,43.0,2020-04-11,15,11422972.96342901,235,2.0572577800224123,-30.17,-53.5,sul
462,RS,43.0,2020-04-18,16,11422972.96342901,201,1.7596119735510845,-30.17,-53.5,sul
463,RS,43.0,2020-04-25,17,11422972.96342901,312,2.731337988795713,-30.17,-53.5,sul
464,RS,43.0,2020-05-02,18,11422972.96342901,500,4.3771442128136435,-30.17,-53.5,sul
465,RS,43.0,2020-05-09,19,11422972.96342901,876,7.668756660849502,-30.17,-53.5,sul
466,RS,43.0,2020-05-16,20,11422972.96342901,1192,10.435111803347725,-30.17,-53.5,sul
467,RS,43.0,2020-05-23,21,11422972.96342901,2602,22.7786584834822,-30.17,-53.5,sul
468,RS,43.0,2020-05-30,22,11422972.96342901,2906,25.439962164872895,-30.17,-53.5,sul
469,RS,43.0,2020-06-06,23,11422972.96342901,2795,24.468236149628265,-30.17,-53.5,sul
470,RS,43.0,2020-06-13,24,11422972.96342901,2590,22.67360702237467,-30.17,-53.5,sul
471,RS,43.0,2020-06-20,25,11422972.96342901,4511,39.49059508800469,-30.17,-53.5,sul
472,RS,43.0,2020-06-27,26,11422972.96342901,5862,51.317638751027154,-30.17,-53.5,sul
473,RS,43.0,2020-07-04,27,11422972.96342901,6619,57.944635089227006,-30.17,-53.5,sul
474,RS,43.0,2020-07-11,28,11422972.96342901,7101,62.16420211037936,-30.17,-53.5,sul
475,RS,43.0,2020-07-18,29,11422972.96342901,8127,71.14610203507296,-30.17,-53.5,sul
476,RS,43.0,2020-07-25,30,11422972.96342901,12271,107.42387327087243,-30.17,-53.5,sul
477,RS,43.0,2020-08-01,31,11422972.96342901,11338,99.25612216976216,-30.17,-53.5,sul
478,SC,42.0,2020-03-14,11,7252501.958573999,5,0.06894172560807016,-27.45,-50.95,sul
479,SC,42.0,2020-03-21,12,7252501.958573999,52,0.7169939463239295,-27.45,-50.95,sul
480,SC,42.0,2020-03-28,13,7252501.958573999,127,1.751119830444982,-27.45,-50.95,sul
481,SC,42.0,2020-04-04,14,7252501.958573999,172,2.3715953609176132,-27.45,-50.95,sul
482,SC,42.0,2020-04-11,15,7252501.958573999,376,5.1844177657268755,-27.45,-50.95,sul
483,SC,42.0,2020-04-18,16,7252501.958573999,243,3.3505678645522092,-27.45,-50.95,sul
484,SC,42.0,2020-04-25,17,7252501.958573999,260,3.584969731619648,-27.45,-50.95,sul
485,SC,42.0,2020-05-02,18,7252501.958573999,1111,15.318851430113188,-27.45,-50.95,sul
486,SC,42.0,2020-05-09,19,7252501.958573999,1026,14.146842094775996,-27.45,-50.95,sul
487,SC,42.0,2020-05-16,20,7252501.958573999,1306,18.007578728827923,-27.45,-50.95,sul
488,SC,42.0,2020-05-23,21,7252501.958573999,1929,26.597717739593467,-27.45,-50.95,sul
489,SC,42.0,2020-05-30,22,7252501.958573999,2173,29.96207394926729,-27.45,-50.95,sul
490,SC,42.0,2020-06-06,23,7252501.958573999,2505,34.53980452964315,-27.45,-50.95,sul
491,SC,42.0,2020-06-13,24,7252501.958573999,2011,27.728362039565816,-27.45,-50.95,sul
492,SC,42.0,2020-06-20,25,7252501.958573999,3812,52.56117160359268,-27.45,-50.95,sul
493,SC,42.0,2020-06-27,26,7252501.958573999,6700,92.381912314814,-27.45,-50.95,sul
494,SC,42.0,2020-07-04,27,7252501.958573999,8123,112.00272742287078,-27.45,-50.95,sul
495,SC,42.0,2020-07-11,28,7252501.958573999,10095,139.19334400269364,-27.45,-50.95,sul
496,SC,42.0,2020-07-18,29,7252501.958573999,10505,144.8465655025554,-27.45,-50.95,sul
497,SC,42.0,2020-07-25,30,7252501.958573999,14802,204.0950844901309,-27.45,-50.95,sul
498,SC,42.0,2020-08-01,31,7252501.958573999,19589,270.09989258729723,-27.45,-50.95,sul
499,SE,28.0,2020-03-14,11,2319031.9873340004,1,0.043121440560620186,-10.57,-37.45,nordeste
500,SE,28.0,2020-03-21,12,2319031.9873340004,9,0.38809296504558166,-10.57,-37.45,nordeste
501,SE,28.0,2020-03-28,13,2319031.9873340004,6,0.2587286433637211,-10.57,-37.45,nordeste
502,SE,28.0,2020-04-04,14,2319031.9873340004,16,0.689943048969923,-10.57,-37.45,nordeste
503,SE,28.0,2020-04-11,15,2319031.9873340004,12,0.5174572867274422,-10.57,-37.45,nordeste
504,SE,28.0,2020-04-18,16,2319031.9873340004,27,1.164278895136745,-10.57,-37.45,nordeste
505,SE,28.0,2020-04-25,17,2319031.9873340004,83,3.579079566531475,-10.57,-37.45,nordeste
506,SE,28.0,2020-05-02,18,2319031.9873340004,447,19.275283930597222,-10.57,-37.45,nordeste
507,SE,28.0,2020-05-09,19,2319031.9873340004,987,42.56086183333212,-10.57,-37.45,nordeste
508,SE,28.0,2020-05-16,20,2319031.9873340004,1547,66.70886854727942,-10.57,-37.45,nordeste
509,SE,28.0,2020-05-23,21,2319031.9873340004,1996,86.07039535899789,-10.57,-37.45,nordeste
510,SE,28.0,2020-05-30,22,2319031.9873340004,1674,72.1852914984782,-10.57,-37.45,nordeste
511,SE,28.0,2020-06-06,23,2319031.9873340004,2167,93.44416169486394,-10.57,-37.45,nordeste
512,SE,28.0,2020-06-13,24,2319031.9873340004,3894,167.914889543055,-10.57,-37.45,nordeste
513,SE,28.0,2020-06-20,25,2319031.9873340004,5583,240.7470026499425,-10.57,-37.45,nordeste
514,SE,28.0,2020-06-27,26,2319031.9873340004,4870,210.0014155302203,-10.57,-37.45,nordeste
515,SE,28.0,2020-07-04,27,2319031.9873340004,6442,277.78832009151523,-10.57,-37.45,nordeste
516,SE,28.0,2020-07-11,28,2319031.9873340004,6285,271.01825392349787,-10.57,-37.45,nordeste
517,SE,28.0,2020-07-18,29,2319031.9873340004,7026,302.9712413789174,-10.57,-37.45,nordeste
518,SE,28.0,2020-07-25,30,2319031.9873340004,9192,396.3722816332207,-10.57,-37.45,nordeste
519,SE,28.0,2020-08-01,31,2319031.9873340004,7460,321.68594658222656,-10.57,-37.45,nordeste
520,SP,35.0,2020-02-29,9,46289333.01919699,2,0.0043206498550553,-22.19,-48.79,sudeste
521,SP,35.0,2020-03-07,10,46289333.01919699,11,0.023763574202804155,-22.19,-48.79,sudeste
522,SP,35.0,2020-03-14,11,46289333.01919699,52,0.11233689623143782,-22.19,-48.79,sudeste
523,SP,35.0,2020-03-21,12,46289333.01919699,331,0.7150675510116522,-22.19,-48.79,sudeste
524,SP,35.0,2020-03-28,13,46289333.01919699,1010,2.1819281768029266,-22.19,-48.79,sudeste
525,SP,35.0,2020-04-04,14,46289333.01919699,3060,6.610594278234609,-22.19,-48.79,sudeste
526,SP,35.0,2020-04-11,15,46289333.01919699,3953,8.539764438516801,-22.19,-48.79,sudeste
527,SP,35.0,2020-04-18,16,46289333.01919699,5475,11.827778978213885,-22.19,-48.79,sudeste
528,SP,35.0,2020-04-25,17,46289333.01919699,6110,13.199585307193944,-22.19,-48.79,sudeste
529,SP,35.0,2020-05-02,18,46289333.01919699,11170,24.130829440483854,-22.19,-48.79,sudeste
530,SP,35.0,2020-05-09,19,46289333.01919699,13237,28.59622106568351,-22.19,-48.79,sudeste
531,SP,35.0,2020-05-16,20,46289333.01919699,16772,36.23296968449375,-22.19,-48.79,sudeste
532,SP,35.0,2020-05-23,21,46289333.01919699,19375,41.856295470848224,-22.19,-48.79,sudeste
533,SP,35.0,2020-05-30,22,46289333.01919699,26584,57.43007787339506,-22.19,-48.79,sudeste
534,SP,35.0,2020-06-06,23,46289333.01919699,33407,72.16997485391622,-22.19,-48.79,sudeste
535,SP,35.0,2020-06-13,24,46289333.01919699,32326,69.83466360725882,-22.19,-48.79,sudeste
536,SP,35.0,2020-06-20,25,46289333.01919699,42918,92.71682523963169,-22.19,-48.79,sudeste
537,SP,35.0,2020-06-27,26,46289333.01919699,49788,107.55825749174666,-22.19,-48.79,sudeste
538,SP,35.0,2020-07-04,27,46289333.01919699,46949,101.42509502249565,-22.19,-48.79,sudeste
539,SP,35.0,2020-07-11,28,46289333.01919699,54360,117.43526306040307,-22.19,-48.79,sudeste
540,SP,35.0,2020-07-18,29,46289333.01919699,45137,97.51058625381555,-22.19,-48.79,sudeste
541,SP,35.0,2020-07-25,30,46289333.01919699,67454,145.7225576614501,-22.19,-48.79,sudeste
542,SP,35.0,2020-08-01,31,46289333.01919699,72837,157.35158674633146,-22.19,-48.79,sudeste
543,TO,17.0,2020-03-21,12,1590248.005651,2,0.12576654665768688,-9.46,-48.26,norte
544,TO,17.0,2020-03-28,13,1590248.005651,7,0.44018291330190407,-9.46,-48.26,norte
545,TO,17.0,2020-04-04,14,1590248.005651,7,0.44018291330190407,-9.46,-48.26,norte
546,TO,17.0,2020-04-11,15,1590248.005651,9,0.565949459959591,-9.46,-48.26,norte
547,TO,17.0,2020-04-18,16,1590248.005651,8,0.5030661866307475,-9.46,-48.26,norte
548,TO,17.0,2020-04-25,17,1590248.005651,25,1.572081833221086,-9.46,-48.26,norte
549,TO,17.0,2020-05-02,18,1590248.005651,188,11.822055385822567,-9.46,-48.26,norte
550,TO,17.0,2020-05-09,19,1590248.005651,442,27.7944068113488,-9.46,-48.26,norte
551,TO,17.0,2020-05-16,20,1590248.005651,591,37.164014537346475,-9.46,-48.26,norte
552,TO,17.0,2020-05-23,21,1590248.005651,1151,72.3786476014988,-9.46,-48.26,norte
553,TO,17.0,2020-05-30,22,1590248.005651,1551,97.53195693303618,-9.46,-48.26,norte
554,TO,17.0,2020-06-06,23,1590248.005651,1663,104.57488354586664,-9.46,-48.26,norte
555,TO,17.0,2020-06-13,24,1590248.005651,1328,83.5089869807041,-9.46,-48.26,norte
556,TO,17.0,2020-06-20,25,1590248.005651,1382,86.90468374046164,-9.46,-48.26,norte
557,TO,17.0,2020-06-27,26,1590248.005651,1874,117.84325421825261,-9.46,-48.26,norte
558,TO,17.0,2020-07-04,27,1590248.005651,2248,141.36159844324007,-9.46,-48.26,norte
559,TO,17.0,2020-07-11,28,1590248.005651,2656,167.0179739614082,-9.46,-48.26,norte
560,TO,17.0,2020-07-18,29,1590248.005651,2641,166.07472486147552,-9.46,-48.26,norte
561,TO,17.0,2020-07-25,30,1590248.005651,3994,251.1557936754007,-9.46,-48.26,norte
562,TO,17.0,2020-08-01,31,1590248.005651,4667,293.4762366257123,-9.46,-48.26,norte
